video_id,manipulation_type,class_label,total_frames,frames_sampled,frames_with_face,face_detection_rate,brightness_mean,brightness_std,brightness_min,brightness_max,optical_flow_mean,optical_flow_std,optical_flow_min,optical_flow_max,ear_mean,ear_std,ear_min,ear_max,landmark_disp_mean,landmark_disp_std,landmark_disp_min,landmark_disp_max,dct_low_mean,dct_low_std,dct_high_mean,dct_high_std,lm_ratio_var,lm_face_asym,lbp_chi_dist
4,original,real,309.0,61.0,61.0,1.0,56.1656,10.6143,44.9076,70.2288,0.6536,0.6588,0.1138,4.015,0.2854,0.039,0.2038,0.3923,9.56,9.2667,0.5721,40.6329,46521.0602,11444.8953,1673.2101,79.5282,0.00010074760296700784,0.21159357340770407,0.005463662770583565
8,original,real,637.0,100.0,100.0,1.0,118.4797,4.0754,113.7676,126.0793,0.2788,0.262,0.0216,1.2373,0.3032,0.0384,0.2172,0.4027,2.3698,1.609,0.3124,7.7599,56371.87,1878.2955,1307.7595,35.5488,0.00037568720565302893,0.1186956905574845,0.003105681531522226
9,original,real,588.0,100.0,100.0,1.0,66.9064,0.4072,65.4708,67.7706,0.3235,0.2301,0.0744,1.3091,0.2461,0.0379,0.1184,0.3425,3.1652,2.5687,0.7346,15.337,54667.1012,646.7191,2211.752,56.9705,6.004290833980146e-05,0.10290852670426343,0.004996811710571361
15,original,real,437.0,87.0,87.0,1.0,67.5509,0.2799,66.8568,68.3442,0.8644,0.2239,0.4534,1.6633,0.2611,0.0483,0.1425,0.3731,6.2401,3.8051,1.0433,19.7685,43842.9408,516.4791,1865.7627,67.2609,0.0001339274666142682,0.20828697182356043,0.0074617676609808475
27,original,real,315.0,63.0,60.0,0.9524,143.3809,0.7972,140.6841,145.4946,1.3828,0.6326,0.526,3.2479,0.3119,0.0588,0.1896,0.426,8.8479,8.3334,1.0165,39.7699,85912.8529,895.6088,1783.0877,71.6286,0.00022278323589566536,0.21335295681795063,0.005000889689485331
32,original,real,310.0,62.0,62.0,1.0,103.723,1.869,101.496,110.4145,0.9743,0.8366,0.1328,3.3599,0.2652,0.0543,0.0796,0.3547,7.8658,7.1911,1.8153,43.2874,52033.4862,2311.5954,1228.6377,64.7352,0.00030345308827755207,0.09875620026793866,0.004984798740629511
33,original,real,809.0,100.0,100.0,1.0,91.7954,1.6627,87.0894,94.3028,0.5729,0.4914,0.0119,2.5096,0.2474,0.0362,0.1302,0.3189,2.7334,2.3056,0.436,13.7996,49396.5508,1352.2903,2311.5729,172.6005,0.00029727838347024595,0.09014694582638273,0.003332897592762187
35,original,real,423.0,84.0,84.0,1.0,80.2883,0.9394,77.658,81.9093,0.3449,0.2289,0.0428,1.1625,0.3117,0.0332,0.2085,0.3746,4.1846,4.0891,0.9036,22.4103,51933.4193,204.7942,816.4339,14.5463,4.37699160287933e-05,0.17289373695941432,0.004180431147851656
36,original,real,337.0,67.0,67.0,1.0,109.095,2.6059,105.7101,113.5828,1.6091,0.4955,0.6797,3.0765,0.2999,0.0305,0.1988,0.364,5.1725,3.8198,0.6223,14.1964,64468.9945,2164.822,993.3959,106.8272,0.0005249658338727018,0.09304417719736124,0.00302041910407597
44,original,real,335.0,67.0,67.0,1.0,123.0097,2.5412,116.961,128.08,1.2,0.6178,0.2758,3.0624,0.2975,0.053,0.1168,0.3696,12.842,9.0164,3.1727,34.3485,64222.2164,1372.7275,1066.4359,53.3373,0.0005431312787934954,0.08947220307333459,0.003613046098421485
46,original,real,504.0,100.0,100.0,1.0,146.6342,0.6603,145.1799,148.3093,0.6169,0.3733,0.0834,1.7733,0.2958,0.0464,0.1225,0.3812,9.2598,6.9484,1.0931,34.1436,62460.5555,1032.2444,758.4523,47.3439,0.0004639696097137652,0.0807906382214333,0.0033751153339815435
54,original,real,368.0,73.0,73.0,1.0,67.5681,1.2117,65.1558,70.6411,0.7171,0.3498,0.1571,1.7104,0.2855,0.046,0.1902,0.376,6.2641,3.9239,1.0419,21.7293,51869.8219,896.8274,1654.0905,96.0942,0.0007672029812407147,0.0924964674886642,0.010109852656323505
55,original,real,394.0,78.0,78.0,1.0,75.6019,1.09,71.8161,78.27,0.8176,0.6808,0.1207,2.9631,0.2531,0.0537,0.0978,0.3846,5.6457,3.8677,1.0136,21.1834,55303.6591,872.0394,1928.3582,82.6841,0.00022655568792421163,0.11137539666061684,0.004029930189352034
60,original,real,844.0,100.0,100.0,1.0,104.0973,6.6506,92.5835,115.0055,4.0159,2.2501,0.741,9.2667,0.2565,0.0551,0.1503,0.4301,7.0639,5.1224,1.1733,23.8187,59222.9658,2710.0651,1896.475,209.7352,0.00046470421753888515,0.2598601135258376,0.005677664846486796
62,original,real,423.0,84.0,84.0,1.0,107.3261,2.7139,101.7954,109.6846,0.4435,0.2677,0.1372,1.4914,0.3218,0.0212,0.2621,0.3696,2.7469,1.7982,0.3271,9.5728,55114.268,1089.4055,695.5779,25.7567,0.00020936649275604268,0.09041854500552612,0.0042467130182171275
66,original,real,435.0,87.0,87.0,1.0,128.8674,2.9501,125.419,140.1784,2.08,0.9852,0.7051,5.3163,0.2763,0.0257,0.1909,0.3387,4.0434,2.6059,0.7019,12.8497,63444.9466,3459.8913,1905.2958,76.4551,0.00015338479370710837,0.06426523103783786,0.003383982205895475
71,original,real,453.0,90.0,90.0,1.0,89.0912,9.8075,77.5621,111.6538,2.1405,1.1181,0.7468,5.2643,0.3717,0.0495,0.2665,0.4846,4.4179,3.2082,0.7815,25.4465,51694.1346,5332.805,1053.5204,122.8172,0.00016576562726186008,0.09882884608479532,0.007035281350996147
88,original,real,665.0,100.0,100.0,1.0,57.8719,5.8706,44.5819,70.2008,3.1364,1.0147,1.271,6.5221,0.3074,0.0414,0.1644,0.3916,3.6893,2.6879,0.9337,15.0786,45876.9874,5275.2898,885.528,72.7575,6.991642304644514e-05,0.08971898684704678,0.003504609822633895
96,original,real,504.0,100.0,100.0,1.0,111.8679,0.6274,110.0594,112.8077,0.3188,0.166,0.0779,0.8356,0.3379,0.0377,0.2491,0.4299,5.8722,3.8472,1.0541,18.4691,70585.9641,662.1356,2308.5,98.1029,0.0004424512944073608,0.13779816253337535,0.0048056649678978386
97,original,real,478.0,95.0,95.0,1.0,102.6849,1.3145,94.3796,103.9686,0.8797,0.5163,0.5445,4.2618,0.2567,0.0309,0.1661,0.3423,1.7378,1.719,0.283,14.1363,69502.3028,932.2869,2650.3587,80.0652,7.136331860233622e-05,0.03580435446637355,0.004068886982807491
101,original,real,1148.0,100.0,100.0,1.0,97.9904,0.7542,96.3715,100.228,0.9937,0.3061,0.5583,2.0843,0.3973,0.0395,0.2508,0.4754,5.2548,3.975,0.7418,20.9564,71949.5749,414.347,1883.8381,100.3897,0.00027397020434572156,0.08651121732058857,0.005678713549091119
107,original,real,556.0,100.0,100.0,1.0,123.8562,0.986,122.2993,129.9012,0.7943,0.2585,0.0401,1.6002,0.3198,0.0289,0.2414,0.3827,1.6147,1.2851,0.2267,6.876,68398.4368,637.3535,1512.0815,76.2222,0.00016739587302689956,0.052814431556071254,0.002378958886259072
109,original,real,298.0,59.0,59.0,1.0,66.6554,1.1892,63.8611,69.6584,0.5242,0.1605,0.2617,1.1152,0.3841,0.0276,0.3058,0.4412,1.8773,1.5843,0.4716,9.2786,47096.7448,1053.756,1126.0217,42.0061,6.256420244177978e-05,0.04737742321034285,0.005331584233245791
112,original,real,418.0,83.0,83.0,1.0,114.4061,3.4002,109.57,121.3028,1.5103,0.5504,0.5139,3.0173,0.3022,0.0741,0.1066,0.3921,20.0538,15.8126,4.2872,120.3489,52378.4533,4959.458,1027.996,332.8324,0.00039553830903157195,0.0789376481700109,0.002531176091883216
128,original,real,735.0,100.0,97.0,0.97,109.8643,1.6195,108.623,115.4569,0.4079,0.4303,0.042,2.8837,0.2483,0.0508,0.119,0.3655,3.9037,3.7456,0.501,17.7348,58190.9492,2592.4453,2149.664,124.7987,0.0005817178339823896,0.09582069242331445,0.004345214510058353
134,original,real,346.0,69.0,69.0,1.0,100.7565,8.4763,88.6937,116.175,0.5246,0.5685,0.1081,4.4947,0.3286,0.0423,0.1404,0.3786,3.9336,3.7035,1.2225,20.3777,52251.7712,5964.2492,1976.4437,123.1736,0.0005639732683558771,0.11245135225155407,0.0030319565152516314
147,original,real,667.0,100.0,100.0,1.0,185.4204,2.3842,179.9406,188.1999,1.4362,0.8408,0.2588,3.7773,0.2739,0.0324,0.1833,0.3518,6.7303,4.1206,0.8387,19.7015,79544.335,1333.9319,1396.4905,64.0997,0.0002452016577809491,0.055023285031180605,0.002711045750761042
150,original,real,456.0,91.0,91.0,1.0,49.0786,1.0201,46.7392,50.2942,0.2665,0.161,0.0529,1.0004,0.2683,0.0339,0.1591,0.3287,3.365,2.7608,0.4397,16.0373,38922.9627,830.9988,1543.0233,159.3475,0.00013363095002697528,0.0675887836726406,0.003927286237382537
153,original,real,732.0,100.0,100.0,1.0,98.5882,1.083,95.8789,100.505,1.0341,0.3619,0.362,2.2574,0.3286,0.0635,0.1462,0.4409,5.173,3.1228,0.7175,17.2358,52849.5963,703.1676,1293.4157,118.32,0.0002456410368577195,0.15023859745519524,0.011569972942771747
159,original,real,325.0,65.0,65.0,1.0,124.0722,1.3187,121.6304,127.4113,2.1112,0.5781,0.9344,3.1783,0.223,0.0284,0.1561,0.2974,5.4133,3.3084,1.1453,17.7484,76339.9572,1478.871,1504.4134,56.5358,0.00014637187847019176,0.06528423607303299,0.005477120724791261
168,original,real,1228.0,100.0,100.0,1.0,114.6543,1.1183,111.2154,116.8101,0.4022,0.3206,0.0734,1.5494,0.3545,0.0599,0.2228,0.4578,2.7971,2.1581,0.5056,9.1747,67782.2706,501.945,1529.726,36.0732,4.8837730579242096e-05,0.09685105615106424,0.0037848738628698947
175,original,real,504.0,100.0,100.0,1.0,119.9711,5.6162,108.0514,126.8096,1.396,1.1773,0.2088,9.2484,0.2739,0.036,0.1852,0.3712,8.4279,8.1301,0.4508,46.4641,72043.4554,1224.633,932.427,125.189,0.0003368958003540817,0.17704892205291012,0.007726563860411391
178,original,real,521.0,100.0,100.0,1.0,108.5251,0.3092,107.6255,109.4092,0.2629,0.3733,0.0265,3.282,0.3355,0.0463,0.2075,0.437,3.9877,3.0302,0.4828,16.4683,74499.5783,728.0361,1194.4465,67.1737,0.0002535757928285986,0.1852538361035413,0.006316690563674059
183,original,real,390.0,78.0,78.0,1.0,72.2907,0.4532,71.1156,72.9579,0.7619,0.2445,0.3581,1.8063,0.2579,0.0706,0.144,0.4066,8.1437,6.2576,1.1307,32.2278,54115.4742,425.4458,2057.2326,47.4331,9.924536244877815e-05,0.35109754076772315,0.003971023783203352
189,original,real,512.0,100.0,100.0,1.0,155.6418,10.725,142.2291,181.8347,0.9098,0.4052,0.2742,2.0328,0.3087,0.0528,0.1525,0.3812,4.4073,3.45,0.5452,15.6914,86317.7277,3030.8446,1529.6792,96.9413,0.00021030628631041876,0.12333838665175541,0.0029267418615037902
192,original,real,287.0,57.0,57.0,1.0,98.179,0.3399,97.4855,98.782,0.4426,0.2972,0.0853,1.4557,0.3222,0.0615,0.1373,0.3879,5.5321,4.1336,1.4613,20.1633,58285.7404,339.8026,957.6093,38.9617,0.000495043605704706,0.16007862432673053,0.004766648260522473
200,original,real,719.0,100.0,100.0,1.0,131.9524,1.8218,127.1399,134.9166,2.3641,0.301,1.7838,3.4585,0.2735,0.037,0.1515,0.3446,3.1075,2.1668,0.9543,13.5415,71859.7022,1012.7919,1448.6259,77.401,0.0002791519081495533,0.04484090464311888,0.0033116300182590166
206,original,real,714.0,100.0,100.0,1.0,93.4743,0.6228,92.3191,94.9573,0.2818,0.1911,0.0289,1.0035,0.3981,0.0306,0.3133,0.4673,2.8807,1.8713,0.3834,10.206,71544.3455,320.2027,1451.7338,46.654,0.00018601032753013064,0.06901386284947374,0.007642420257495938
210,original,real,839.0,100.0,100.0,1.0,90.5753,1.8034,82.4973,92.3718,0.5958,0.3399,0.1902,2.2923,0.2314,0.0437,0.1182,0.309,3.2071,1.8664,0.6282,8.7415,57640.7198,2484.7481,1877.1384,129.3399,8.322027778367839e-05,0.05723922621408208,0.0036143699559137185
221,original,real,718.0,100.0,100.0,1.0,47.1739,3.7259,44.9587,62.9123,0.2383,0.195,0.0258,1.3772,0.2988,0.0832,0.0803,0.4203,3.1962,2.255,0.5158,14.1625,39811.7599,3936.4897,1514.2687,66.2977,0.00039064150073432613,0.13042394126221196,0.004293236501944168
222,original,real,407.0,81.0,81.0,1.0,126.5813,2.7455,117.4345,138.4066,0.6685,0.4661,0.0768,2.444,0.3501,0.0365,0.2129,0.4184,3.0148,2.2192,0.7288,11.7938,61215.8696,1498.482,1114.3666,51.1091,0.0005863315260617629,0.1395559300754621,0.002469479392014187
228,original,real,556.0,100.0,100.0,1.0,112.6657,1.5902,111.2817,116.2279,0.203,0.1016,0.0577,0.6149,0.3723,0.0299,0.2539,0.432,3.9011,2.6975,0.9186,15.3123,63807.9002,1413.8727,1244.5077,112.9627,0.00033595221958150124,0.05679828449704932,0.0024414213026644153
241,original,real,292.0,58.0,58.0,1.0,85.9714,0.6917,85.0843,87.5497,0.6467,0.4683,0.0669,2.1128,0.3257,0.0568,0.1536,0.3961,7.1206,5.6205,0.8403,24.2123,50375.3341,303.0376,1642.9126,41.355,7.318145033873408e-05,0.2807287049153428,0.007095787995198303
246,original,real,496.0,99.0,99.0,1.0,70.125,0.7869,68.8199,72.1194,0.4183,0.2428,0.1373,1.3721,0.3412,0.042,0.2068,0.4193,4.4704,4.0788,0.6481,23.865,49448.8248,1301.9262,1531.899,89.4732,9.785859578197987e-05,0.07896674210470327,0.003083243551678891
251,original,real,346.0,69.0,69.0,1.0,77.4638,0.4719,76.4663,78.118,0.2651,0.1392,0.0654,0.6172,0.3863,0.0589,0.1642,0.4564,5.9559,3.7471,0.9159,17.3704,58984.3725,393.1452,1296.1362,35.6549,0.00027612831191288435,0.0887828930470684,0.005288066648949587
252,original,real,572.0,100.0,100.0,1.0,155.8463,9.6954,127.3211,173.3774,1.8067,1.5726,0.1896,5.5001,0.2394,0.0264,0.1638,0.2862,3.7586,2.3547,0.7987,11.8455,72405.9177,2915.6908,2171.8023,196.4415,0.00043703894556964624,0.04787059051560485,0.004181552696450206
253,original,real,501.0,100.0,100.0,1.0,209.0847,5.8061,201.4025,218.7841,0.4316,0.4207,0.06,3.4659,0.3056,0.0549,0.1102,0.4005,8.9356,21.1943,1.0725,207.554,98365.5603,2307.1081,1262.8712,283.1054,0.0003206754494093969,0.11570224596218667,0.006037943080165287
254,original,real,427.0,85.0,85.0,1.0,87.5857,0.5319,86.1614,89.3486,0.4229,0.3318,0.1818,3.2318,0.3621,0.0349,0.2394,0.4296,4.2984,3.2095,0.8083,18.638,67324.6795,345.8696,1629.4354,47.0863,0.0001182685583357349,0.20563710224555698,0.005417602489301273
257,original,real,763.0,100.0,100.0,1.0,95.3731,6.2298,83.3765,116.2694,3.2163,2.8533,0.1775,11.9731,0.3201,0.0316,0.2534,0.3847,1.9319,1.4673,0.3859,9.2897,60663.2615,3698.6478,882.0298,130.4719,0.00020141735828066727,0.045970314618204576,0.003073053650212413
258,original,real,498.0,99.0,99.0,1.0,106.9441,12.0994,81.295,124.081,2.803,1.7964,0.4022,9.4788,0.2849,0.0674,0.0782,0.3794,8.2183,7.1874,1.2739,60.39,63609.7894,5258.9322,1947.6075,184.0916,0.0002973444530804731,0.10057868448624271,0.002595512149455104
261,original,real,677.0,100.0,100.0,1.0,63.315,0.2167,62.5403,63.6921,0.3891,0.1143,0.2036,0.8773,0.377,0.0585,0.2044,0.5225,2.9469,1.941,0.8879,12.3213,47970.2428,264.6151,1325.9158,50.676,0.0003229231602010884,0.2526801909856194,0.0032363448173724305
263,original,real,300.0,60.0,60.0,1.0,119.8696,2.4711,116.9174,131.1731,1.513,0.9467,0.1412,3.6404,0.2418,0.065,0.1251,0.372,12.6327,9.2306,2.3012,48.7514,60334.8529,2717.5449,1033.3212,77.9307,0.0002236858201894045,0.07298478841794635,0.002827915686134062
264,original,real,455.0,91.0,91.0,1.0,122.7069,1.2361,120.5262,131.7929,0.2754,0.4401,0.0345,3.8105,0.2893,0.0502,0.137,0.3845,2.5371,2.0223,0.6602,10.0047,79124.8645,383.3569,2084.9904,153.0989,0.0008092946818509158,0.05673797325850586,0.0044507892119531565
266,original,real,465.0,93.0,92.0,0.9892,83.6031,3.2141,79.5766,91.945,2.4807,0.9354,0.8267,4.1354,0.2337,0.0316,0.1493,0.3278,3.0214,2.5716,0.5365,15.7347,46688.5427,2308.3311,1284.9383,56.2153,0.0002923271113535865,0.054694841194788756,0.004061927623074536
271,original,real,490.0,98.0,98.0,1.0,130.9031,1.1618,128.2397,133.5677,0.5361,0.3403,0.0983,1.8933,0.305,0.0531,0.1982,0.52,3.3632,2.6325,0.566,15.9298,70684.3813,740.1176,2322.8966,338.8491,0.00036692625091823866,0.10750459435787127,0.002507585616831435
272,original,real,323.0,64.0,64.0,1.0,146.7447,9.7994,131.3265,168.8872,1.051,0.8,0.287,5.0976,0.2112,0.0905,0.0699,0.3973,5.9979,4.388,1.0898,21.7321,82243.0465,4266.5349,1408.4249,298.5586,0.00010529896276433926,0.0789361344165853,0.004843801995135743
284,original,real,483.0,96.0,96.0,1.0,80.7236,2.3711,77.1918,85.6977,1.653,0.7153,0.3902,3.4476,0.2593,0.048,0.1441,0.3398,18.312,12.2759,4.4934,62.0936,43763.3741,1692.8091,1626.8146,142.6319,0.00028111795264695,0.18037288402535362,0.003901144469933093
288,original,real,543.0,100.0,100.0,1.0,113.3457,4.347,109.1815,119.343,0.2992,0.1823,0.0555,0.8663,0.3185,0.0277,0.1962,0.3724,2.8634,1.9431,0.566,11.8175,64635.7621,2146.9948,1157.4653,128.5975,0.00019873063282035237,0.05585936228305299,0.003122795816015899
289,original,real,597.0,100.0,100.0,1.0,85.618,0.67,83.911,86.9538,0.996,0.2498,0.537,1.6366,0.2508,0.0274,0.1516,0.3027,2.5658,2.0109,0.4595,9.6244,49996.8532,732.774,1323.1318,66.5767,0.0001487294836277803,0.09763135743688475,0.004070006239086012
292,original,real,425.0,85.0,85.0,1.0,94.8674,3.2904,88.4812,101.385,0.7899,0.3457,0.1208,1.6296,0.3073,0.051,0.1681,0.4274,8.4693,5.2581,0.9597,26.8046,65764.446,1225.3413,1709.0002,82.1597,0.001033550395970584,0.17562182249908104,0.003213840160847644
294,original,real,604.0,100.0,100.0,1.0,77.6573,1.4672,75.2105,80.7448,0.6322,0.1569,0.4255,1.2043,0.3386,0.0522,0.1449,0.4139,4.0741,3.2793,0.9028,21.2154,47730.4253,543.3053,1763.8245,120.9656,0.0002500577835964866,0.060289161028401296,0.0036560247278563545
321,original,real,567.0,100.0,100.0,1.0,89.8517,5.6343,83.1574,99.9104,0.6534,0.4981,0.1376,3.7058,0.4167,0.0343,0.2557,0.4828,2.7137,2.1542,0.7322,12.6175,64390.932,5156.8853,2199.9241,206.003,0.00033509561696210693,0.07123482786092954,0.0034292228097678973
324,original,real,1249.0,100.0,100.0,1.0,91.3159,5.5161,80.5054,110.2138,2.2732,1.0884,0.4637,5.1411,0.3317,0.0405,0.2088,0.4214,5.5601,5.2595,1.224,37.0042,74335.8111,4510.1634,1097.6821,58.2795,3.602273202849909e-05,0.4426848526975931,0.0034087101728278012
337,original,real,331.0,66.0,66.0,1.0,80.7852,1.0649,78.6236,83.1362,1.4052,0.5593,0.0325,3.2693,0.2922,0.0438,0.1997,0.3783,3.477,2.1979,0.283,9.9273,60904.5314,880.1438,1571.8782,81.6114,0.0005040983569219579,0.04039139453036842,0.00612864813766682
339,original,real,457.0,91.0,91.0,1.0,73.9104,0.9532,72.6744,77.253,0.6721,0.5913,0.0793,4.7763,0.2428,0.073,0.1045,0.3673,3.8272,2.3299,0.4985,16.945,62240.3639,812.3436,828.5884,44.9646,0.0002534346459584496,0.09901375243055535,0.0048526621982691795
356,original,real,558.0,100.0,100.0,1.0,143.5683,9.6527,123.3583,159.6668,1.8705,1.6722,0.7024,14.5861,0.2343,0.0323,0.1233,0.3015,5.4164,3.2402,0.9009,18.3939,71939.6609,3378.6969,1781.6939,93.0967,0.001218416297567596,0.0627969291109052,0.0028807432467698574
360,original,real,385.0,77.0,77.0,1.0,100.0157,2.5347,97.46,109.8778,0.7793,0.4405,0.3055,3.1442,0.2427,0.0898,0.1117,0.3676,12.8308,8.7041,2.7282,46.6158,54683.4604,1763.0646,513.1038,37.9644,0.00010534782071854895,0.17181577423250838,0.005661469992278763
361,original,real,455.0,91.0,91.0,1.0,130.106,2.1333,123.9249,134.7015,2.0602,0.9405,0.399,4.1856,0.2764,0.0667,0.1144,0.3878,22.4027,22.1896,1.9827,143.8378,57387.7844,1919.491,1701.1722,88.0923,0.003959458282902982,0.17615924262451527,0.004014779845702059
375,original,real,353.0,70.0,70.0,1.0,127.0052,11.2307,101.4287,141.9352,1.7973,2.0394,0.3889,12.5243,0.3754,0.0537,0.1736,0.4582,6.9372,3.2964,2.0622,15.826,61507.3545,5474.835,1425.9166,254.0371,0.0002037054613233051,0.1855936022297641,0.008028964973956458
376,original,real,515.0,100.0,100.0,1.0,74.0362,3.1149,64.0252,77.2056,0.556,0.5915,0.2141,4.3533,0.3192,0.0587,0.1879,0.4214,4.0482,2.4667,0.7772,14.4656,57998.4306,4104.2114,1609.114,126.6789,0.0002795846288676843,0.12388696989857437,0.007449854490076362
381,original,real,578.0,100.0,100.0,1.0,101.1243,7.6054,89.3563,112.4476,1.3359,0.6388,0.4752,4.5259,0.3618,0.0283,0.2568,0.4182,4.9277,3.7286,0.8717,17.9323,48302.0084,3155.9728,708.3062,54.2681,0.00016200350965148605,0.13576320446972717,0.003015227646411677
392,original,real,1496.0,100.0,100.0,1.0,55.1187,2.2339,50.4497,58.7446,1.2629,0.7823,0.2278,3.4591,0.2826,0.037,0.1485,0.3617,13.0706,9.8626,2.0638,60.1878,43958.41,1711.1479,1099.1801,79.1007,0.0007317752011470475,0.18662315837217935,0.0069914780766125555
396,original,real,525.0,100.0,100.0,1.0,57.6454,0.2928,56.962,58.2156,0.6634,0.1981,0.3901,1.3227,0.3254,0.028,0.251,0.3789,5.3501,3.6434,0.893,16.2757,49685.7562,871.2727,1396.5664,38.3924,0.00035066163380685606,0.07549175019970343,0.006568707018777879
399,original,real,862.0,100.0,100.0,1.0,157.7956,0.5919,156.0611,159.2884,0.9226,0.4019,0.3502,2.4766,0.3064,0.0655,0.1624,0.4091,9.7178,6.4219,2.9442,36.2269,63857.0388,729.2948,847.2448,28.5198,0.00044790973813020894,0.15749477455524483,0.005044848153588032
420,original,real,1126.0,100.0,100.0,1.0,136.7246,6.8074,122.8164,143.0229,0.7307,0.2665,0.3622,1.8773,0.3291,0.0411,0.2361,0.4471,1.6037,1.2063,0.1826,5.7256,66066.8987,3754.6651,1093.3702,142.5886,0.0004611301869206144,0.07281770234148319,0.004186687175104686
434,original,real,337.0,67.0,67.0,1.0,38.3973,0.5388,37.3441,39.9049,0.6019,0.3584,0.1431,2.0215,0.3153,0.0637,0.1587,0.4145,5.8939,4.6691,0.9347,31.4715,37953.9273,429.3089,1512.2389,24.7434,0.00037212485639135756,0.07100258375762829,0.005043430718460432
435,original,real,476.0,95.0,95.0,1.0,69.3357,1.6608,67.0555,74.044,0.6295,0.5318,0.1253,3.4648,0.2884,0.0407,0.17,0.3843,3.8232,2.9802,0.6294,17.0636,47828.5258,1260.0606,1305.796,152.1807,0.00029630002409022655,0.1138679165606143,0.006793380482405271
437,original,real,593.0,100.0,100.0,1.0,127.7708,1.7996,120.2356,136.955,1.4092,0.7177,0.2754,3.764,0.2931,0.0459,0.1377,0.3516,8.9605,5.6329,1.9994,38.6665,66573.7889,1143.9968,1112.8765,50.3569,0.0001049834334912976,0.0957159466238102,0.006213946201012128
438,original,real,542.0,100.0,100.0,1.0,114.4741,0.6957,113.1351,116.3442,0.5165,0.2423,0.0763,1.4321,0.3386,0.0348,0.1498,0.4184,4.6109,2.6238,0.7677,14.8865,51723.8122,808.4413,1379.0267,42.1706,8.627159389514618e-05,0.10436120741501183,0.004679729890189537
439,original,real,462.0,92.0,92.0,1.0,105.5143,3.7456,99.7489,113.1659,1.204,0.5436,0.4178,3.0608,0.3799,0.0581,0.1932,0.4743,5.1449,3.3376,1.5565,25.8629,67641.9502,1423.9703,824.2945,65.4028,0.0001309111568748386,0.04276475249355974,0.002679921724765248
441,original,real,305.0,61.0,61.0,1.0,107.7033,3.6568,101.7539,114.9054,1.4207,0.946,0.0818,5.2266,0.2546,0.0408,0.1355,0.3317,6.1005,4.3402,0.6076,19.5029,77460.4422,1111.3595,755.9561,30.2551,0.0002467963565617153,0.06733519509707812,0.0037987794371494737
448,original,real,528.0,100.0,100.0,1.0,87.9887,0.3932,86.5987,88.5278,0.7581,0.4029,0.1286,1.7705,0.2607,0.0361,0.1749,0.3522,13.2943,13.9553,1.7867,78.6702,56481.959,517.4203,967.8388,36.8999,0.00020502346486856465,0.25095681093329314,0.0044041708263434344
452,original,real,606.0,100.0,96.0,0.96,64.6493,0.6835,61.422,66.4017,0.949,0.2977,0.5938,1.9755,0.4089,0.0417,0.2993,0.4975,5.3068,4.054,0.7606,22.1148,42816.3591,490.0756,1659.6896,75.0557,0.000290854159353922,0.07178324923716908,0.0040259044133668966
456,original,real,608.0,100.0,100.0,1.0,113.5621,14.8171,86.9105,134.1699,1.2461,0.8642,0.585,5.6581,0.2347,0.0261,0.1609,0.3019,15.3475,58.8,1.3078,424.6094,62326.6685,3156.2008,1738.7364,151.6948,0.0004481783738878654,0.08422992224568518,0.0061148269828337305
468,original,real,597.0,100.0,100.0,1.0,91.1577,2.2548,86.5894,97.0452,0.7392,0.4388,0.2014,2.6006,0.284,0.0306,0.213,0.3758,5.9088,4.3871,0.9424,26.4166,50316.7977,1324.2052,868.8437,124.7737,0.00021369697362221788,0.0510109065893047,0.006170315509918422
469,original,real,414.0,82.0,82.0,1.0,118.503,2.5272,110.1757,124.7453,1.9174,1.0094,0.4895,5.1487,0.2281,0.0432,0.1469,0.3325,5.997,5.032,0.9449,32.0714,56220.0143,1691.3933,631.2573,58.2969,0.00014954482839208064,0.07820266512424755,0.004776460257153076
470,original,real,905.0,100.0,100.0,1.0,55.3608,0.541,54.4311,56.9718,0.6706,0.3604,0.1501,1.758,0.3119,0.0431,0.2142,0.4213,8.5076,5.4024,0.9355,23.4135,47328.9185,993.1261,1608.7338,23.7542,0.00021797217942424045,0.06405199914629961,0.008035424414462478
479,original,real,488.0,97.0,97.0,1.0,124.8583,0.6592,122.0975,126.2938,0.7824,0.2768,0.3214,1.673,0.3302,0.0331,0.174,0.385,13.7645,6.3733,5.0219,36.2903,73547.4534,671.9615,1164.9818,54.3687,0.00023727623454553327,0.10067655596757356,0.0026690294066639476
481,original,real,414.0,82.0,82.0,1.0,69.0613,1.9707,65.6327,74.2243,1.8949,0.8211,0.6197,4.3217,0.3339,0.0504,0.1238,0.407,7.4921,6.0072,1.5367,29.1712,63261.4232,2977.4876,1699.4577,167.6198,0.0001572303343539997,0.11744726272324786,0.0041340097148832595
488,original,real,518.0,100.0,100.0,1.0,88.7684,0.8677,86.9533,90.9046,1.1541,0.4274,0.3527,2.3665,0.2075,0.0461,0.0998,0.3157,6.6462,3.6331,1.2048,21.0873,65078.0571,419.9786,739.1701,49.3972,0.00014198975935661638,0.09455227826024064,0.0029986820338409968
520,original,real,350.0,70.0,70.0,1.0,107.5165,0.3548,106.9034,108.6731,0.5444,0.2774,0.095,1.2826,0.311,0.0726,0.1439,0.4021,10.1205,6.9848,2.0733,40.3745,61396.8333,330.6768,1233.0766,22.8033,0.00031479078514067845,0.15922783278748537,0.0077070204295847855
522,original,real,713.0,100.0,100.0,1.0,78.7228,1.1087,75.553,81.3213,0.2843,0.3068,0.0151,1.7852,0.2712,0.0432,0.1355,0.3778,1.8511,1.4117,0.3824,6.6077,48254.9052,1560.0083,1388.6096,73.1548,0.00012343035964656595,0.05120897620415225,0.003689041025463324
529,original,real,335.0,67.0,67.0,1.0,88.9552,2.3742,81.1438,94.5338,0.7506,0.4196,0.1708,2.0914,0.3339,0.043,0.1713,0.3962,8.2934,5.9476,2.1839,30.0509,52727.9983,2588.3908,906.8212,53.9256,0.0003738963392018178,0.16737731488876778,0.003180816636995539
542,original,real,320.0,64.0,64.0,1.0,81.7726,1.0659,80.7041,84.6099,0.4443,0.5065,0.0481,3.7875,0.3731,0.0626,0.2071,0.4993,7.1683,6.9203,0.993,33.9105,54800.5433,515.6774,1590.9748,29.42,0.0010568982882549008,0.0741369688080851,0.006830053968305706
550,original,real,444.0,88.0,88.0,1.0,128.6105,0.2012,128.2684,129.1263,1.1345,0.3689,0.0007,1.9518,0.3758,0.0366,0.2784,0.4544,1.2476,1.1739,0.0,6.0984,57000.7637,150.9196,2025.77,32.756,0.00016389980685930627,0.05442887200880723,0.0026172474613870554
554,original,real,828.0,100.0,100.0,1.0,191.1493,0.2829,189.8058,191.4771,0.376,0.291,0.0168,1.0903,0.2997,0.0715,0.0461,0.443,5.2728,3.0774,0.644,18.4008,86294.7674,204.6755,1362.6422,31.9964,0.0003580600688951107,0.050490092206476336,0.0023715562491309606
556,original,real,372.0,74.0,74.0,1.0,75.5225,0.593,73.1064,76.4931,0.7881,0.5062,0.1456,2.6065,0.3033,0.0472,0.1556,0.3698,6.6354,5.1742,1.0,22.0389,45069.2049,707.8089,729.6964,32.4087,6.262312009124641e-05,0.1313818865619531,0.002411409100178845
565,original,real,430.0,86.0,86.0,1.0,104.1638,4.3156,100.7907,114.4812,0.4575,0.5391,0.0899,3.3089,0.2887,0.0446,0.1823,0.3791,2.9984,1.509,0.8604,8.6263,65697.2521,3604.6551,1399.4576,46.6506,0.00016175264544768334,0.04750282619553791,0.006507555134726034
568,original,real,570.0,100.0,100.0,1.0,115.6255,2.8055,107.4655,117.3658,0.4146,0.1816,0.148,1.0908,0.2814,0.0333,0.1772,0.3411,3.0731,1.3968,0.6836,6.7482,60501.687,671.2397,1235.71,45.8175,0.00020004125094481092,0.06508678835160797,0.004068419575477771
572,original,real,347.0,69.0,69.0,1.0,85.3884,3.0278,73.0783,86.7477,0.9066,0.5897,0.1396,4.1202,0.2798,0.0585,0.1388,0.3926,10.6945,6.9727,1.8784,29.6241,69560.4764,2658.7866,1867.1127,83.5245,0.00033332565445050137,0.09264317215815929,0.0022376613156603518
585,original,real,359.0,71.0,71.0,1.0,82.4309,1.5224,80.147,86.0292,0.8164,0.8557,0.1893,6.2945,0.2189,0.0512,0.0834,0.3054,4.9957,2.3481,1.2213,11.3929,61095.9422,2697.0031,1229.8223,104.9528,0.0002704826658871666,0.03421222917615882,0.0024348146091857123
588,original,real,544.0,100.0,100.0,1.0,103.0275,0.4487,102.1135,103.9914,0.748,0.5491,0.0468,3.2957,0.3461,0.0492,0.1988,0.4154,7.4318,4.1087,0.7582,19.401,60890.7524,674.8562,869.155,27.993,0.00024182722675118157,0.20461941195411265,0.007731983753897109
589,original,real,686.0,100.0,100.0,1.0,125.3261,1.2362,123.9692,129.2121,0.6223,0.5317,0.0595,2.5846,0.3454,0.0352,0.2141,0.4302,4.4613,3.9203,0.5426,18.2435,62841.2626,868.8769,1700.6436,114.4264,0.00013318427633563474,0.07528475570719456,0.0052102225271663674
596,original,real,557.0,100.0,100.0,1.0,123.3378,0.4105,122.4862,124.435,0.7508,0.2331,0.3842,1.5985,0.3587,0.033,0.2627,0.4472,2.4103,2.2369,0.5391,12.8432,60362.2877,622.5098,1494.1666,49.5304,0.0005322583473735779,0.0667406965473967,0.0031416614374313863
598,original,real,686.0,100.0,100.0,1.0,141.4929,0.1944,141.0858,141.8128,0.2548,0.2229,0.0367,1.6811,0.35,0.0356,0.2245,0.4198,1.5346,0.8778,0.3601,5.1763,92240.9224,203.1981,1459.2128,42.986,0.00030784867749695345,0.09199194152251804,0.005868293961830655
599,original,real,398.0,79.0,79.0,1.0,65.0312,1.7078,61.0746,68.6697,1.4573,0.78,0.2555,3.3843,0.2664,0.0406,0.1623,0.3681,10.7985,7.6099,2.5448,37.0113,38608.8432,1515.4242,1759.4421,143.2859,0.000567674472977769,0.1048154970759189,0.006282632383269742
607,original,real,454.0,90.0,90.0,1.0,113.2962,0.9747,111.3442,115.1839,0.6208,0.2996,0.1693,1.6301,0.2969,0.078,0.1183,0.3858,15.5545,6.9005,6.0231,40.4292,58378.5061,673.0566,972.9066,61.3142,0.00013047145365821508,0.14978439915043368,0.005734288659974742
609,original,real,489.0,97.0,97.0,1.0,97.7249,11.381,77.1365,114.1266,2.6474,1.8021,0.2881,6.8151,0.3272,0.0577,0.1817,0.4424,3.8936,2.421,0.5756,11.5237,63217.6706,7071.4057,1547.1435,69.294,0.00024356174926870477,0.08347356542541821,0.002665040214750931
611,original,real,645.0,100.0,100.0,1.0,153.1063,1.4996,150.4445,155.3877,0.305,0.1749,0.0679,1.3171,0.2721,0.0626,0.1315,0.3749,2.0465,1.1879,0.3859,7.1374,86860.8868,538.8794,1054.2796,54.1528,0.0002534065865681838,0.05252368602702266,0.003855219639140109
614,original,real,507.0,100.0,100.0,1.0,87.6333,2.2157,79.7782,90.8051,0.5421,0.5578,0.2026,4.4723,0.2799,0.0302,0.1705,0.3335,2.8042,2.3833,0.4802,15.3093,68277.8541,1358.9859,1717.0437,100.5095,0.0004887393420833817,0.0957232107216185,0.005116876289623804
615,original,real,452.0,90.0,90.0,1.0,156.549,1.2821,153.4278,160.665,0.6167,0.3505,0.2432,2.5779,0.34,0.0483,0.1804,0.415,5.3682,2.7818,1.48,15.2283,80773.2532,1488.5217,1602.3261,76.5276,0.0004133884880276461,0.08128180673984498,0.0024053918188036033
616,original,real,663.0,100.0,100.0,1.0,82.5087,2.2029,75.7491,88.869,0.9252,0.8854,0.0607,5.9975,0.3025,0.0277,0.2411,0.3789,4.1328,2.7454,0.5279,13.4967,61935.6507,1055.3011,1337.6534,89.2989,0.00018892458249177317,0.10915292418090261,0.003765265642503798
623,original,real,352.0,70.0,70.0,1.0,72.4082,1.3953,68.5143,75.319,0.4761,0.2578,0.1616,1.4594,0.3788,0.0229,0.325,0.4295,2.5685,1.6128,0.5107,11.2536,51742.0363,1486.7292,1939.3135,137.2351,0.00029400243530284663,0.08656381460305394,0.005716245846782858
628,original,real,895.0,100.0,100.0,1.0,71.2819,0.2265,70.5791,71.8957,1.2253,0.3372,0.6696,2.3231,0.3357,0.0366,0.1706,0.4076,3.6391,2.8885,0.3798,13.8381,37299.0733,263.9788,1119.6445,46.7695,9.630066769314379e-05,0.2151564931940296,0.008906985341305742
630,original,real,423.0,84.0,84.0,1.0,75.7698,5.9246,66.7139,84.1367,1.8289,1.6038,0.0247,6.5892,0.2991,0.0409,0.2058,0.3786,2.3112,1.4078,0.2267,6.4809,44591.0121,8622.1672,1336.6763,124.8209,0.0003195366333600639,0.04751777421293497,0.003013621590129949
633,original,real,512.0,100.0,100.0,1.0,105.9538,1.0947,103.6604,108.7714,0.7948,0.4656,0.1444,2.3144,0.3526,0.0734,0.1505,0.4537,7.018,6.9721,1.3109,35.9417,66451.8173,687.7259,1288.417,68.2078,0.0006789482433876221,0.2297892711523876,0.005229672251863461
635,original,real,764.0,100.0,100.0,1.0,99.5521,0.1727,99.1748,100.0716,0.3823,0.1466,0.1674,0.8811,0.2646,0.0454,0.1629,0.3413,3.5867,2.2987,1.0437,14.6453,54776.537,405.2681,1898.2857,39.999,0.0003329346888650294,0.10390859493579943,0.0032185335335988196
642,original,real,573.0,100.0,100.0,1.0,151.0247,12.2791,130.7345,166.022,1.83,0.6783,0.7239,3.5355,0.3782,0.0251,0.3132,0.4335,3.4003,2.7683,0.4179,13.9133,60908.7587,1765.9509,851.7653,63.1909,0.0002015326612309317,0.09024759275461522,0.004143925219529904
644,original,real,413.0,82.0,82.0,1.0,90.5818,0.8072,89.0082,91.8239,0.9856,0.343,0.5075,2.9615,0.2923,0.0462,0.1419,0.3567,4.645,3.2259,1.1788,19.968,52378.9602,683.2396,1646.9717,68.8417,0.0001860402647855409,0.15018600819541583,0.004230051437656225
645,original,real,554.0,100.0,100.0,1.0,74.6868,2.2729,69.858,79.2685,1.6701,0.583,0.4408,3.6885,0.3107,0.0777,0.1266,0.4072,17.2028,12.3267,3.5406,83.1154,50931.425,1556.8592,1345.0874,69.7834,0.001196196682186996,0.15831173055514824,0.006747429545651173
648,original,real,471.0,94.0,94.0,1.0,72.9765,2.0035,64.0969,75.5681,0.4981,0.6417,0.1807,3.9878,0.2976,0.038,0.1902,0.3753,3.0034,2.1372,0.4544,10.07,55055.4149,1878.071,1627.4312,93.8409,0.0001953232865328968,0.10929923400927619,0.002554171614729926
649,original,real,930.0,100.0,100.0,1.0,96.907,0.1818,96.57,97.396,0.3338,0.2177,0.056,1.3899,0.2991,0.0491,0.1681,0.3614,4.7995,2.5848,1.0985,12.9983,58658.9527,186.7597,1189.8693,32.9774,0.000298765072430411,0.09318864144115,0.007074189619609178
651,original,real,380.0,76.0,76.0,1.0,82.0504,0.4688,81.0485,83.2544,1.5496,0.5348,0.6177,3.0616,0.3035,0.0683,0.1664,0.4137,11.6942,7.7183,2.2196,36.2444,53485.5952,461.1263,1874.6889,72.5887,0.00011662761169141436,0.28329132528407125,0.0067969535040367434
654,original,real,410.0,82.0,82.0,1.0,36.024,0.237,35.6906,36.7272,0.3071,0.1276,0.1722,0.9858,0.3374,0.0707,0.1399,0.4299,2.3229,2.161,0.2769,14.6695,32062.814,312.4513,1201.4927,56.4228,0.0001363223129072493,0.07215396962693166,0.006149130982566153
657,original,real,546.0,100.0,100.0,1.0,129.1779,10.5435,112.1944,142.5965,1.9421,0.7601,0.763,4.5304,0.3223,0.0489,0.1927,0.4166,7.1559,5.6672,0.7701,26.6987,54399.9723,4730.5614,850.444,48.3591,0.0001463436161800482,0.1417964701609175,0.004390746684087941
661,original,real,513.0,100.0,100.0,1.0,115.5762,5.6032,106.9206,127.2414,1.5581,1.0867,0.3666,6.5083,0.2242,0.0376,0.1339,0.3013,6.0041,4.4105,1.3766,33.1525,69693.921,1901.6198,1878.9993,100.4476,0.0015761560198337306,0.07313168440092477,0.00707087599567054
664,original,real,293.0,58.0,58.0,1.0,75.91,3.9598,69.6928,81.1856,0.8495,0.4454,0.2042,2.0428,0.3134,0.0486,0.1947,0.4088,7.783,4.7879,1.258,20.4574,70565.2697,3728.2316,1648.1619,109.5568,0.0010463125028542279,0.13656433744276025,0.004450399305549508
665,original,real,324.0,64.0,64.0,1.0,139.8031,0.2757,139.4192,140.3949,0.202,0.114,0.0609,0.561,0.3061,0.042,0.1811,0.3825,2.8066,1.8697,0.708,10.9314,78841.5499,160.8543,1419.2248,14.9036,0.00019382773159265995,0.060398442972179965,0.0029725473150754265
668,original,real,398.0,79.0,79.0,1.0,63.7097,0.9363,61.961,66.1062,0.8347,0.3631,0.2932,2.3131,0.292,0.0443,0.1949,0.3708,3.8954,2.4998,0.4153,11.1603,43232.5142,829.0068,846.343,57.1646,0.0003652030509040582,0.08100181328960392,0.003190833040643069
670,original,real,481.0,96.0,96.0,1.0,114.8215,2.0842,108.897,118.8523,0.7964,0.491,0.1679,3.1758,0.3452,0.0389,0.1981,0.427,4.4426,4.3284,0.7115,26.7319,70635.2939,3482.3621,1094.3245,94.9396,0.00012129749220840653,0.051483889033333195,0.001838905378746371
671,original,real,343.0,68.0,68.0,1.0,84.951,1.0779,82.6479,86.8717,1.1543,0.4673,0.3874,2.9891,0.3406,0.0418,0.1823,0.4185,11.1323,7.3814,3.161,45.381,47977.5252,1058.496,1078.9443,33.9059,0.00022483378754888214,0.07888417814868758,0.002986335574413904
672,original,real,541.0,100.0,100.0,1.0,46.1304,0.2432,45.5951,46.624,0.2332,0.1348,0.068,0.678,0.3288,0.073,0.1233,0.4459,5.3036,4.0642,1.03,20.7119,43572.52,220.6899,1172.1786,34.1228,0.0002124237524398089,0.13496236637456657,0.003394108992210477
677,original,real,314.0,62.0,62.0,1.0,99.4499,0.7312,97.587,101.267,0.8379,0.5463,0.1908,4.1273,0.298,0.0666,0.1534,0.4269,10.4338,8.0871,1.9792,39.7253,67518.1636,391.9048,874.2209,37.9736,0.00017709595880347734,0.12869907501372022,0.003405224038223953
679,original,real,416.0,83.0,81.0,0.9759,121.8037,3.9262,116.4135,129.916,0.7301,0.7694,0.0855,5.1184,0.3455,0.0347,0.2096,0.4144,6.3844,6.0352,1.0429,42.5561,68277.3504,1358.5611,1359.2032,51.0806,0.00014459661757070146,0.26454038655686707,0.0034839182053101204
683,original,real,302.0,60.0,60.0,1.0,168.9932,1.7988,164.3154,171.8247,0.874,0.3479,0.3012,2.18,0.33,0.1033,0.1426,0.4468,18.7222,10.204,6.3234,63.9225,79496.765,1935.6628,1080.4894,57.3415,0.0004921359497569606,0.318764591396419,0.0027809085621467024
687,original,real,469.0,93.0,93.0,1.0,111.9923,1.2433,108.2814,116.2716,0.3472,0.211,0.1527,1.3301,0.334,0.0431,0.2035,0.4079,3.0755,2.3137,0.3687,10.6998,66764.0098,1702.9452,1626.9897,98.7172,0.0004252602680604426,0.09219277494694703,0.005156059258870766
688,original,real,571.0,100.0,100.0,1.0,69.2782,1.9428,64.8502,74.3906,0.798,0.3644,0.2249,1.8266,0.2267,0.1283,0.0091,0.4377,10.6164,6.2095,2.119,34.4052,47531.2267,2203.6753,905.7163,46.6538,0.00011478529767108814,0.08569033079668041,0.004704286513570815
706,original,real,328.0,65.0,65.0,1.0,115.7962,1.1494,112.3273,117.7328,1.3907,0.6341,0.3144,4.0415,0.3593,0.0954,0.1485,0.4691,22.4944,14.9944,5.5475,61.4512,51927.9338,1317.178,1295.197,53.7973,0.00037128508362119667,0.09488760180577578,0.002679985027726467
712,original,real,550.0,100.0,100.0,1.0,77.4674,1.4668,67.6508,79.2307,0.6367,0.6606,0.1425,4.3886,0.3493,0.0362,0.252,0.4362,4.6009,3.3419,0.8178,19.8716,59164.3276,1863.9796,1383.5285,64.5058,0.00022048128417025123,0.25505428623561355,0.0048898809424250235
716,original,real,628.0,100.0,100.0,1.0,102.1171,0.3492,101.4019,103.418,1.3084,0.4886,0.6737,3.6207,0.28,0.0375,0.1564,0.3403,3.9751,3.2602,0.7903,16.1288,55039.8339,251.9273,1587.1697,46.2785,9.079132548940124e-05,0.1321558401759734,0.004678852373065249
719,original,real,402.0,80.0,80.0,1.0,135.3599,3.9754,127.9372,138.712,0.3409,0.2445,0.0378,1.371,0.3122,0.0542,0.1313,0.3963,3.1215,2.3393,0.5979,11.9064,67208.9378,1952.4368,1270.8034,103.6473,6.905459445814259e-05,0.06867498885393479,0.0056353852011723285
720,original,real,564.0,100.0,99.0,0.99,125.2662,1.2139,121.6086,127.9051,0.9973,0.5643,0.2693,2.7284,0.3339,0.0568,0.1684,0.4138,7.9789,6.6012,1.6704,39.2212,81307.8702,1437.3071,1265.9756,34.5845,0.00047895640670209014,0.22301366768567132,0.0052489497717919265
737,original,real,369.0,73.0,73.0,1.0,67.3905,2.7855,62.7383,73.5006,1.0277,0.5865,0.224,3.5013,0.3104,0.0328,0.1955,0.386,3.2167,2.0775,0.7606,11.0133,44167.363,992.0869,1035.1916,91.9682,0.00017612172826145204,0.08614085495256704,0.007402269056967423
760,original,real,306.0,61.0,61.0,1.0,98.1913,2.0191,94.9264,101.8584,1.2037,0.4492,0.4488,2.2696,0.2957,0.0394,0.1976,0.3871,6.5971,4.3162,1.5554,19.2786,48467.5503,1405.3648,1676.0194,48.5829,0.0007536151503223062,0.06781652125808793,0.007008013968699164
771,original,real,634.0,100.0,100.0,1.0,125.9519,4.5658,117.7982,130.5758,0.2832,0.2618,0.0311,2.0886,0.3436,0.0354,0.2701,0.4268,2.971,2.3727,0.6456,16.8961,87486.3743,1933.1481,1532.365,53.2613,0.00011137103878487378,0.06977845407691473,0.006018916170060187
779,original,real,306.0,61.0,61.0,1.0,105.4673,0.8156,104.4332,106.7459,0.2528,0.1353,0.0683,0.6813,0.2766,0.0238,0.2235,0.3234,4.6143,3.6538,0.945,24.0441,67108.7675,628.2605,1832.0333,45.2156,0.0001672189741830215,0.02495977167584325,0.002594177305617439
786,original,real,520.0,100.0,100.0,1.0,83.0683,2.6965,75.5181,89.5442,2.0492,0.8087,0.5908,3.6662,0.3291,0.027,0.2309,0.3744,23.0671,16.1305,3.6698,77.7328,51513.3169,1317.0971,731.7363,79.7981,0.00012486795107106164,0.08579731558377439,0.0037523700195871584
794,original,real,879.0,100.0,100.0,1.0,107.1338,15.9228,91.7727,140.8168,1.3411,1.2137,0.2249,7.2852,0.3185,0.0563,0.1634,0.4101,5.12,3.9219,0.9901,22.8404,63341.6102,4787.3709,2068.1144,198.4066,0.00023087960303331013,0.1783988103170529,0.005933656118269742
811,original,real,542.0,100.0,100.0,1.0,83.2256,3.9982,79.5438,90.8185,0.543,0.7597,0.0578,6.9447,0.2663,0.0526,0.1508,0.4223,6.3814,5.892,1.2732,30.8513,54059.9024,3143.4766,1653.4816,48.6176,0.00013208642890696743,0.321326786781729,0.0025574282006323276
816,original,real,411.0,82.0,82.0,1.0,125.3911,1.2515,119.8321,127.2705,1.0137,0.6871,0.2691,3.3855,0.3361,0.0587,0.1285,0.4068,6.7675,4.3904,1.7518,29.4408,51191.4708,705.5232,364.0809,37.2143,0.0006613819608753319,0.05771615079816589,0.004548564132501496
817,original,real,419.0,83.0,83.0,1.0,101.9477,0.5671,101.0061,103.9101,0.5513,0.2807,0.0615,1.4673,0.2369,0.0776,0.0863,0.3544,6.282,4.949,0.8827,20.7285,62842.2355,752.2412,1439.3102,35.0341,0.0009376616988979961,0.10008168413499245,0.003816477324701139
819,original,real,927.0,100.0,100.0,1.0,128.3444,0.2063,127.9567,128.8179,0.4041,0.1902,0.0737,1.127,0.2838,0.048,0.159,0.3463,5.4406,2.3231,1.6262,16.008,71743.5895,190.4174,951.4301,28.885,0.00017216520192170145,0.0526596352692551,0.004638349390038389
827,original,real,311.0,62.0,62.0,1.0,100.8911,1.7993,95.2677,103.2932,0.9973,0.5221,0.5432,3.6533,0.4593,0.0337,0.376,0.5317,1.8516,1.5395,0.3063,6.4104,82062.9315,989.6315,1704.233,80.3332,0.0002205892905135763,0.10379974476871359,0.0038087369692318468
828,original,real,319.0,63.0,63.0,1.0,77.9393,0.4057,76.903,78.6716,0.6526,0.5073,0.1421,2.1767,0.2924,0.0376,0.1727,0.3577,3.2114,2.5435,0.7358,14.3842,41037.9276,365.0823,1387.8017,57.2526,0.00014863235432912685,0.042461095241122536,0.003377394780879721
830,original,real,511.0,100.0,100.0,1.0,76.262,1.4382,73.4907,77.9876,0.4441,0.2855,0.1156,1.5311,0.3405,0.043,0.2323,0.422,3.2959,3.1639,0.4447,18.365,49436.2223,557.5794,1755.1525,34.1818,0.00020672205913615897,0.02617360356929631,0.004597896022434438
834,original,real,303.0,60.0,60.0,1.0,118.6873,2.1321,115.6596,125.6568,0.8881,0.5776,0.2523,2.6886,0.2364,0.0253,0.1662,0.2856,3.1333,1.7519,0.8032,8.589,66872.2439,1150.4268,1879.364,84.4141,0.0002947008819758834,0.03972262338908576,0.0030547175244203927
835,original,real,426.0,85.0,85.0,1.0,66.2095,0.3497,65.1618,66.9215,0.6846,0.2625,0.3797,1.4795,0.3177,0.0413,0.1785,0.3822,8.1581,7.4503,1.2047,30.9426,43098.2695,241.6941,1981.9013,81.1497,0.00018046540212252675,0.1334136984935988,0.002983275421276516
849,original,real,322.0,64.0,64.0,1.0,85.9591,0.2996,85.3448,86.6592,0.9505,0.2482,0.5291,1.7909,0.2655,0.0568,0.1048,0.3321,2.0846,1.9814,0.359,12.672,42626.6215,405.5326,2337.5098,80.1502,0.0001144579267783983,0.04489253236652589,0.006640773085251928
852,original,real,427.0,85.0,85.0,1.0,153.6056,0.3623,152.802,154.1851,0.1502,0.1179,0.0122,0.6009,0.2422,0.0584,0.0938,0.338,2.9099,2.5553,0.2181,12.2521,78927.6791,162.8196,1573.208,38.9494,0.00025604555629634546,0.07400151395723524,0.0046386342034397815
853,original,real,616.0,100.0,100.0,1.0,116.103,1.0505,113.9857,118.445,0.6828,0.3491,0.1321,1.9435,0.2843,0.0744,0.1436,0.4321,9.0986,6.0584,1.3271,27.0083,62571.3799,1073.3797,1459.4195,44.0441,0.0009079665737239677,0.34577349970513066,0.005415802204100335
863,original,real,513.0,100.0,100.0,1.0,177.1968,4.527,157.7888,181.6266,0.8995,0.6832,0.2239,3.6343,0.2857,0.0516,0.1174,0.3993,6.8031,4.2217,1.3035,23.984,86577.2357,1429.4117,786.0414,57.8484,0.0002677397860145258,0.05833190322834507,0.0031695609689280113
866,original,real,509.0,100.0,100.0,1.0,42.153,0.5077,41.3608,43.5638,0.5979,0.3329,0.1073,1.5332,0.245,0.0621,0.1277,0.4214,13.9999,10.2586,1.7067,50.2296,29125.5593,911.0988,939.8704,48.2917,0.00020339543663724092,0.27807658243797223,0.004959848583440007
876,original,real,313.0,62.0,62.0,1.0,95.2357,0.0468,95.1038,95.3389,0.0988,0.0791,0.0217,0.547,0.2381,0.0269,0.1697,0.2849,2.296,1.1421,0.6785,6.1839,60581.4394,91.841,1910.8063,33.0885,2.876127743178308e-05,0.1094810202053464,0.0035941254383829594
878,original,real,736.0,100.0,100.0,1.0,116.2129,1.265,115.0149,118.6965,0.4803,0.3883,0.0406,1.8519,0.3214,0.064,0.1129,0.4502,5.956,4.9785,1.1991,32.4594,51272.5116,558.4637,869.0215,159.2117,5.42206241393648e-05,0.22680683692115688,0.0024794996816477587
882,original,real,333.0,66.0,66.0,1.0,182.9197,1.6193,179.6386,185.4055,1.2922,0.482,0.5659,3.1989,0.3167,0.0408,0.1906,0.3787,12.9457,13.1368,2.4978,93.3893,81388.9303,1492.2409,1410.1333,63.837,0.0006704402140845143,0.14955459578790758,0.0035681869013007928
891,original,real,296.0,59.0,57.0,0.9661,62.5249,0.9558,60.831,64.4932,0.9096,0.321,0.2933,1.6805,0.2545,0.0832,0.0826,0.4501,15.2072,12.7736,1.7489,70.3238,42665.1945,804.5893,1445.5527,89.8994,0.0004019396809067878,0.21287982377829598,0.005856867064826524
892,original,real,311.0,62.0,62.0,1.0,104.0811,1.0091,102.4007,106.5552,0.8868,0.3151,0.3357,1.9285,0.3091,0.1137,0.0631,0.4643,19.0075,10.5607,2.8205,56.9596,58306.7731,712.1863,1358.4597,44.677,0.0003294271435743239,0.12506961718933055,0.004231750898508152
896,original,real,531.0,100.0,100.0,1.0,111.3137,0.2504,110.6127,111.804,0.2019,0.3523,0.0103,3.2285,0.274,0.0319,0.2063,0.3624,2.1793,1.7376,0.321,8.175,78902.5387,283.541,1260.6387,31.2886,0.00012897823617853723,0.07024396280154885,0.003468741874817342
897,original,real,333.0,66.0,65.0,0.9848,90.0058,0.6236,88.136,91.1905,0.5382,0.3146,0.0782,1.4919,0.356,0.0352,0.2955,0.433,4.181,3.5471,0.392,17.7418,49515.2357,604.7262,1745.1604,54.0566,0.00011218852398452903,0.08233510030324244,0.0048394493063565365
904,original,real,359.0,71.0,71.0,1.0,53.3315,3.01,47.1069,58.265,1.069,0.3117,0.5739,2.0026,0.2851,0.0484,0.1148,0.375,7.58,5.2845,1.8154,27.4459,58913.9392,3411.3428,1011.5616,99.4535,4.715951612523467e-05,0.051764474064690716,0.008435759485276218
917,original,real,448.0,89.0,89.0,1.0,102.3614,7.132,91.565,112.6318,1.9318,0.7536,0.5661,4.1318,0.3814,0.0381,0.2943,0.4726,5.7703,3.1771,0.8291,14.2671,55010.2149,2844.4501,675.6554,45.4525,0.00012152946033868244,0.08533137383811136,0.005429214755116611
919,original,real,534.0,100.0,100.0,1.0,27.9854,0.8905,26.5036,30.1686,0.5211,0.3634,0.0619,2.0786,0.2676,0.0309,0.1322,0.327,3.6809,2.3877,0.5218,13.9397,29060.3126,920.744,860.3189,58.3175,0.00019724086949377548,0.08582720399811386,0.0034690359545842533
920,original,real,371.0,74.0,74.0,1.0,110.0787,4.5786,79.7843,113.0829,0.7667,0.5534,0.0703,3.4417,0.3135,0.0363,0.1696,0.37,11.0164,7.6274,1.4739,40.7713,64366.0752,3629.9729,1526.4237,229.2027,0.00013941340912264883,0.14246556493310983,0.005754258091780922
924,original,real,1248.0,100.0,100.0,1.0,88.1087,0.4476,86.6685,88.8895,0.4578,0.2971,0.1457,2.0338,0.3416,0.0357,0.2146,0.4023,2.5947,1.4666,0.2561,7.6683,57998.213,488.9138,1278.9429,31.0329,0.00013142052736479044,0.09244136303763631,0.0038637202354744596
938,original,real,369.0,73.0,73.0,1.0,71.7339,0.9859,70.4898,74.6945,0.8262,0.5705,0.0071,4.4359,0.289,0.0312,0.2091,0.352,2.1385,1.0796,0.425,4.8335,40176.5254,1043.2261,1962.197,110.7838,3.051847192389142e-05,0.1459214747471059,0.0021279435108200757
942,original,real,495.0,99.0,99.0,1.0,109.6275,1.6215,101.4711,113.8488,0.5639,0.3583,0.1468,2.315,0.2914,0.0315,0.1446,0.3352,4.6564,3.3056,1.1088,15.5375,58047.0803,1278.3814,1133.1969,98.4155,8.577730574105686e-05,0.2507281833220296,0.004570087783673386
943,original,real,470.0,94.0,94.0,1.0,108.1468,0.4867,107.3307,110.183,0.3795,0.2804,0.0383,1.3095,0.2328,0.0445,0.158,0.3472,9.0359,7.4697,1.1983,33.0079,59524.484,335.6034,846.2585,53.9719,0.0002580923373536438,0.20735660427697936,0.006100890114249528
944,original,real,342.0,68.0,67.0,0.9853,75.4087,2.1104,72.9355,80.9859,0.4883,0.4062,0.0571,1.7823,0.3672,0.0659,0.2254,0.4828,5.877,6.812,0.9018,45.9814,45690.5279,811.0089,1045.5237,16.7494,0.00017736398185187212,0.113396745665054,0.004599721097214073
945,original,real,761.0,100.0,100.0,1.0,100.7974,0.7306,97.9307,103.542,1.0474,0.7469,0.0513,4.0756,0.2625,0.0412,0.0999,0.3243,5.8231,4.6144,1.3381,29.3634,53709.7814,1274.4593,1316.9905,45.8336,0.00012100825465434117,0.13443445017034703,0.0063418583060031895
947,original,real,641.0,100.0,100.0,1.0,79.2012,1.2677,75.8134,80.9077,0.5682,0.3084,0.097,1.4554,0.3607,0.0579,0.1938,0.4291,4.019,3.0835,0.818,16.0419,48865.923,1581.778,1140.5256,130.8718,0.00022681662450264463,0.09735026025392936,0.0029118891799250414
948,original,real,434.0,86.0,86.0,1.0,78.98,2.4437,73.3914,83.0669,1.2109,0.7661,0.3545,6.5524,0.318,0.0591,0.1477,0.3922,16.2095,12.9052,2.7205,91.552,68720.7547,2650.0297,1172.9594,49.9789,8.006570717208329e-05,0.09651273427284852,0.0027505356295022044
951,original,real,1176.0,100.0,100.0,1.0,64.7828,1.4083,62.9115,67.8057,0.5255,0.3564,0.0703,2.7844,0.254,0.0473,0.1309,0.3342,6.5263,5.0801,1.3558,33.7334,56546.3076,2125.3717,1736.3882,78.6624,0.0002975301255599507,0.10465057850215312,0.005385369828450019
952,original,real,700.0,100.0,100.0,1.0,128.9363,0.8252,126.9107,131.0994,1.0299,0.449,0.3236,2.1094,0.3229,0.0601,0.1429,0.3912,8.7733,4.1238,2.0374,22.9002,67259.6034,572.1885,656.0336,37.1787,0.00012017270299219348,0.04618470755618119,0.0028443925235558157
953,original,real,351.0,70.0,70.0,1.0,108.8568,5.5019,100.7252,119.2222,1.4363,1.0074,0.4475,5.9368,0.2341,0.0272,0.1604,0.2973,8.4389,4.7994,1.5551,20.548,69510.1102,3945.3885,2067.0565,218.9822,0.0007865658777855398,0.13473214411583018,0.007749655610128987
960,original,real,345.0,69.0,69.0,1.0,96.9372,0.8401,95.102,98.4755,0.9652,0.5465,0.2445,3.0186,0.3655,0.0643,0.202,0.5091,10.4528,7.6897,1.8867,39.2463,64693.3563,443.8021,1463.8408,99.7256,0.0006230884865873503,0.3572800825496718,0.00792605462149123
965,original,real,348.0,69.0,69.0,1.0,127.8498,2.1436,117.545,130.0646,0.5868,0.4228,0.1164,1.9414,0.2465,0.0895,0.1293,0.3825,13.4377,10.259,1.1129,53.8047,68484.6423,1193.6585,1467.6294,41.6987,0.0002427125464799043,0.11073603087409296,0.0036224714698717348
966,original,real,364.0,72.0,72.0,1.0,97.0802,2.9803,88.0405,101.1069,1.0521,1.2528,0.112,9.1822,0.2632,0.0343,0.1105,0.3224,3.4201,2.296,1.0376,14.7577,86613.277,2742.4808,2039.8019,163.9077,0.00012193962918993203,0.09435021053337518,0.0036526788769676794
969,original,real,356.0,71.0,71.0,1.0,79.5146,0.4484,78.342,80.617,0.8154,0.1839,0.4938,1.3416,0.3506,0.06,0.194,0.4369,2.4269,1.3447,0.3271,8.5393,60114.5096,418.1888,1553.8118,55.8563,0.00016072967651069024,0.08982563725646737,0.0038112472561922
974,original,real,318.0,63.0,63.0,1.0,92.5364,2.6736,89.5447,97.5523,1.984,0.6862,0.8977,3.9257,0.2228,0.0375,0.1169,0.3241,9.2865,4.7807,2.4837,22.1639,62536.0,1234.6085,1188.7894,65.684,0.00027493652576971887,0.12505762079912422,0.00587372510075661
980,original,real,383.0,76.0,76.0,1.0,110.5017,3.3521,105.6342,116.0401,1.0813,0.4467,0.3955,2.9066,0.3642,0.0328,0.2895,0.4296,4.6529,4.3004,0.6284,18.9308,62590.6726,1198.0623,1358.2883,55.8134,0.0001396730590071727,0.05828165050774371,0.005398289771633269
981,original,real,372.0,74.0,74.0,1.0,86.733,1.1829,84.1263,88.6028,1.2451,0.4219,0.5742,2.5987,0.3087,0.0684,0.0839,0.3901,4.5868,3.3028,0.5954,16.2554,53615.7118,1197.2909,1144.9462,49.1148,0.000155145385462542,0.1034903560520511,0.004503893729365801
982,original,real,845.0,100.0,100.0,1.0,137.7309,0.1337,137.4679,137.9923,0.3256,0.1942,0.0746,1.0094,0.2807,0.0267,0.1957,0.3306,5.5582,3.656,0.9494,19.8018,67268.691,220.7818,2143.4632,29.7478,7.179431163901926e-05,0.1553070733181732,0.0032086341703926667
985,original,real,343.0,68.0,68.0,1.0,101.9611,0.491,100.6161,103.8669,0.5598,0.2376,0.0155,1.4297,0.3052,0.0299,0.2363,0.3674,2.3691,1.6358,0.2475,7.2943,64243.6538,330.0672,1597.1183,68.6247,0.00016293821196036,0.04587538257471353,0.004023631384412105
986,original,real,828.0,100.0,100.0,1.0,78.1839,1.5679,69.8722,80.3545,0.5295,0.6085,0.205,5.3502,0.3062,0.0387,0.1708,0.3814,3.2836,3.7124,0.5036,19.7181,57044.5982,2063.3908,1802.5428,158.7007,0.0005011608821672341,0.11635522183667771,0.005832331700307647
987,original,real,575.0,100.0,100.0,1.0,72.2744,0.5999,71.0991,74.0917,0.4511,0.2087,0.122,1.2514,0.3391,0.0374,0.2063,0.4177,2.7245,2.0107,0.8239,9.461,40528.6078,714.4194,981.6812,39.6258,0.0001299600061688111,0.06745633978222125,0.0034629781122706353
988,original,real,455.0,91.0,91.0,1.0,100.3034,0.362,99.4204,100.8712,0.4393,0.3907,0.0222,2.4512,0.373,0.0364,0.2911,0.4601,3.8005,3.4027,0.5426,16.7607,49717.2831,694.3978,1683.5231,42.0464,0.0001127108406216429,0.09370337700740454,0.004587972774102335
990,original,real,305.0,61.0,61.0,1.0,97.1862,0.9887,94.6343,99.1764,1.0878,0.3439,0.6165,2.3579,0.2782,0.0373,0.1954,0.4039,2.5172,1.5919,0.5132,7.1751,59859.293,1111.3128,1814.2787,76.9476,0.0002819649745315945,0.12708310625034838,0.007366481558702464
992,original,real,718.0,100.0,100.0,1.0,70.968,5.7914,61.5335,82.6954,6.6406,1.9125,3.5483,10.1542,0.3629,0.0326,0.2865,0.4784,4.2709,3.8392,0.6273,17.1678,44816.2869,5608.426,1653.5055,104.2911,0.00030872348901067414,0.17200712026487014,0.003523465927952136
994,original,real,316.0,63.0,63.0,1.0,93.0498,1.118,91.3072,96.6445,1.2751,0.4696,0.3818,2.7883,0.4094,0.0397,0.2884,0.5029,5.5189,3.2895,1.0539,13.8904,63411.214,587.1988,1762.974,33.1511,0.0006414051530801583,0.11952533674501079,0.0045145409796837135
999,original,real,335.0,67.0,65.0,0.9701,78.1519,0.7564,76.3903,80.6011,0.5184,0.3877,0.0765,1.8854,0.3373,0.0806,0.1972,0.4703,3.6727,3.0384,0.8032,13.9786,47172.8803,657.3772,574.3131,30.2656,0.0010006180296413627,0.4086361702136352,0.00450777454414903
004_982,Deepfakes,fake,309.0,61.0,61.0,1.0,55.9756,10.5835,44.7926,70.0501,0.6457,0.6509,0.0931,3.8115,0.2695,0.0244,0.201,0.3186,9.4079,9.4525,0.8524,40.6115,46153.4819,11508.6136,1668.2294,74.5372,3.82732040979326e-05,0.20165149936815557,0.0067509762401596765
008_990,Deepfakes,fake,637.0,100.0,100.0,1.0,118.4478,4.0826,113.667,126.0788,0.2801,0.2604,0.0244,1.1676,0.2483,0.0391,0.1346,0.3373,2.2415,1.5406,0.4179,7.516,56409.4218,1917.7351,1309.2227,43.9166,0.00019227162695708853,0.07866665782971075,0.0042264287815836615
009_027,Deepfakes,fake,588.0,100.0,100.0,1.0,66.2863,0.4503,64.5355,67.1589,0.2908,0.205,0.0733,0.997,0.3101,0.0335,0.1985,0.3813,2.9073,2.5635,0.5305,14.7109,53697.1077,533.0241,2197.1829,49.3959,5.288606054406489e-05,0.03374073144273967,0.0037297195873688734
015_919,Deepfakes,fake,437.0,87.0,87.0,1.0,67.3515,0.2846,66.6377,68.1431,0.8388,0.2246,0.4289,1.5974,0.242,0.034,0.1362,0.341,5.9947,3.8072,0.5314,19.2336,43533.6409,513.6863,1840.1112,63.6796,0.00012267006191533298,0.19352605530330932,0.007411368761189004
027_009,Deepfakes,fake,315.0,63.0,55.0,0.873,143.8853,0.8344,141.394,146.0173,1.3138,0.5953,0.5904,3.2675,0.2349,0.0226,0.1784,0.29,9.9528,10.2507,0.8393,46.2789,85845.5908,821.3196,1775.1103,87.3373,0.00010069015858805588,0.12365300552432484,0.0038919065008077023
032_944,Deepfakes,fake,310.0,62.0,62.0,1.0,103.7565,1.9031,101.5036,110.5627,0.9037,0.8019,0.0949,3.1379,0.3573,0.0232,0.2858,0.4007,6.5514,6.2978,1.6693,37.8992,51995.9476,2348.6151,1238.1462,68.9217,4.6068248764965604e-05,0.08810448391931935,0.0041291721539887215
033_097,Deepfakes,fake,809.0,100.0,100.0,1.0,91.7864,1.6402,87.1101,94.2381,0.567,0.4911,0.0163,2.5428,0.3071,0.0426,0.209,0.4234,2.5894,2.2,0.1947,12.3623,49279.6041,1339.3718,2327.1935,177.2809,0.0002448746651812222,0.09345517947094267,0.003939609542963712
035_036,Deepfakes,fake,423.0,84.0,84.0,1.0,80.178,0.9309,77.5479,81.7362,0.3579,0.2379,0.0791,1.2418,0.3052,0.0165,0.2671,0.3383,3.9418,3.7708,0.8482,22.0337,51838.9011,201.5526,827.004,15.5089,0.00012104785589352558,0.09165105484997675,0.004943976792600333
036_035,Deepfakes,fake,337.0,67.0,67.0,1.0,109.0566,2.6294,105.5669,113.6071,1.5952,0.4965,0.6303,3.0284,0.3332,0.0333,0.2684,0.4049,4.8178,3.7183,0.7252,14.286,64416.2943,2136.4187,976.6458,103.5718,6.773287051367935e-05,0.0872992723115614,0.004477347332263706
044_945,Deepfakes,fake,335.0,67.0,67.0,1.0,123.8143,2.5841,117.8014,128.7873,1.1573,0.6195,0.2454,2.8977,0.2225,0.0372,0.0891,0.2892,12.6009,8.9686,2.599,33.7393,65143.1,1405.8293,1023.7327,49.7613,6.0335033807852125e-05,0.08511397739689786,0.004068197694720999
046_904,Deepfakes,fake,504.0,100.0,100.0,1.0,145.9072,0.6907,143.9899,147.6068,0.5906,0.3591,0.0916,1.8068,0.2624,0.0167,0.2126,0.3015,8.6224,6.9631,1.445,35.396,62574.4223,923.2474,728.6271,41.4462,2.8668120106755725e-05,0.07718533473187103,0.004791066587488297
054_071,Deepfakes,fake,368.0,73.0,73.0,1.0,66.9902,1.2333,64.8516,70.0658,0.691,0.3288,0.1822,1.6253,0.4126,0.0304,0.3109,0.4749,6.0358,3.8184,1.2811,20.0621,51073.7069,858.8662,1630.6208,110.6391,0.00043682888537894724,0.10187675198598045,0.010432733161763883
055_147,Deepfakes,fake,394.0,78.0,78.0,1.0,74.6528,1.0124,71.4403,77.22,0.828,0.6982,0.1268,3.1901,0.2701,0.0254,0.2107,0.3597,5.4384,3.8707,0.9926,20.8296,54078.0789,783.6733,1944.3075,92.1647,0.00016822580345493185,0.07494342167663122,0.004242460034929765
060_088,Deepfakes,fake,844.0,100.0,100.0,1.0,104.0693,6.6662,92.3262,115.1916,4.0404,2.2935,0.7565,9.2734,0.2774,0.0372,0.1899,0.3559,6.7002,5.0093,0.6714,24.0009,59324.1798,2710.3783,1883.8681,217.3051,0.00032492178500097063,0.24093252524238737,0.00441341791297805
062_066,Deepfakes,fake,423.0,84.0,84.0,1.0,107.0014,2.698,101.5226,109.3249,0.424,0.2578,0.115,1.5213,0.3074,0.0255,0.2598,0.3656,2.3685,1.5632,0.3687,8.5675,54693.4277,1114.508,696.8923,28.5821,7.268261026040927e-05,0.09058839556049961,0.004091025627592026
066_062,Deepfakes,fake,435.0,87.0,87.0,1.0,128.9941,2.963,125.6109,140.455,2.0959,1.0221,0.7088,5.3385,0.3133,0.0152,0.2811,0.3523,3.8272,2.5362,0.637,11.1976,63436.057,3477.448,1891.1708,73.4564,8.248182747539426e-05,0.06226720908865789,0.004169458611874604
071_054,Deepfakes,fake,453.0,90.0,90.0,1.0,89.2335,9.8422,77.834,111.7666,2.1538,1.125,0.7099,5.5088,0.2906,0.039,0.1956,0.4357,4.1379,3.1078,0.7115,24.5997,51840.1065,5411.6471,1083.7219,129.4784,0.0001674258220894292,0.09258537588721409,0.006565881639570484
088_060,Deepfakes,fake,665.0,100.0,100.0,1.0,57.7667,5.8975,44.5383,70.119,3.1317,0.9954,1.2533,6.3601,0.2781,0.0384,0.1728,0.3527,3.6383,2.7276,0.8172,14.7351,45818.7439,5344.8711,876.6739,77.1087,0.0001361435087290374,0.0761979317214759,0.004211183224566748
096_101,Deepfakes,fake,504.0,100.0,100.0,1.0,111.8721,0.6278,110.089,112.8068,0.3487,0.1755,0.0772,0.8639,0.3549,0.0216,0.3159,0.4277,5.6734,3.764,0.7382,17.4731,70570.2131,703.0199,2308.4257,87.4749,0.00015747934486515456,0.15429628947745896,0.0036622016727923573
097_033,Deepfakes,fake,478.0,95.0,95.0,1.0,102.7107,1.3056,94.5141,104.122,0.9046,0.6001,0.4763,4.9261,0.2539,0.0347,0.1868,0.3337,1.718,1.6885,0.3296,13.867,69600.5405,918.6198,2669.0602,71.8384,0.0001346427745899803,0.04519664228326965,0.003571704194064673
101_096,Deepfakes,fake,1148.0,100.0,100.0,1.0,98.084,0.7616,96.5033,100.335,0.9787,0.2985,0.5985,2.0838,0.3295,0.0295,0.2686,0.395,4.8042,3.6521,0.713,19.2529,72068.9618,411.485,1877.6427,92.7502,0.00010432590187393285,0.07660788597836232,0.00442619890071645
107_109,Deepfakes,fake,556.0,100.0,100.0,1.0,123.7178,0.9715,122.1885,129.7161,0.8044,0.2681,0.0383,1.6199,0.3733,0.0212,0.3226,0.4171,1.4888,1.3044,0.1912,7.2015,68358.1165,645.1464,1507.2831,67.3068,5.541210160831498e-05,0.0512820994648982,0.0035778195709589406
109_107,Deepfakes,fake,298.0,59.0,59.0,1.0,66.6133,1.1905,63.8628,69.566,0.5195,0.163,0.2546,1.1312,0.3563,0.0319,0.2656,0.4067,1.6216,1.4692,0.3185,6.5857,47172.4197,1071.7717,1122.1703,47.049,4.3520223891586135e-05,0.029228834339361853,0.003997344224181739
112_892,Deepfakes,fake,418.0,83.0,83.0,1.0,113.7404,3.5133,107.7384,121.196,1.4348,0.5457,0.5188,3.403,0.3616,0.0674,0.112,0.4249,18.5655,15.7811,3.5472,119.8436,52397.3244,5068.2593,994.3173,340.1434,0.0003394689308933218,0.05835355683866609,0.00556627846085795
128_896,Deepfakes,fake,735.0,100.0,94.0,0.94,109.9034,1.601,108.7475,115.4997,0.4111,0.4849,0.0483,4.0107,0.283,0.0372,0.1664,0.372,3.7537,3.6111,0.5193,17.1168,58262.0587,2549.3876,2155.8914,125.565,0.0001472648494805364,0.09199751964223031,0.003992737022183655
134_192,Deepfakes,fake,346.0,69.0,69.0,1.0,100.8401,8.4955,88.8107,116.4294,0.5252,0.5649,0.1284,4.4602,0.3292,0.0461,0.1502,0.3881,4.1078,3.7572,1.0246,21.9583,52289.4701,5921.4985,1991.8866,118.5817,0.0006066302244059499,0.08240398396216984,0.003023367921718466
147_055,Deepfakes,fake,667.0,100.0,100.0,1.0,185.9759,2.3565,180.485,188.6486,1.3761,0.8358,0.2433,3.7747,0.2443,0.0331,0.1762,0.3948,6.179,3.8543,1.0332,17.3796,79130.785,1281.8088,1375.3715,72.045,0.0001366807836846616,0.046596678452098174,0.005912527424425503
150_153,Deepfakes,fake,456.0,91.0,91.0,1.0,48.9935,1.0284,46.611,50.3136,0.2716,0.1648,0.0607,0.9948,0.3394,0.039,0.2274,0.4361,3.2222,2.669,0.6966,15.2527,38858.7867,825.762,1538.0244,165.7756,0.00016957156702819768,0.05106350701879503,0.00373820728214739
153_150,Deepfakes,fake,732.0,100.0,100.0,1.0,98.5478,1.0841,95.8202,100.5549,1.0358,0.3787,0.3892,2.6093,0.2514,0.0243,0.1951,0.3233,4.7524,2.952,1.1985,15.3159,52810.4062,714.4735,1266.4034,121.2727,0.00016667098502091277,0.14619627075900077,0.005470228347849752
159_175,Deepfakes,fake,325.0,65.0,65.0,1.0,123.8734,1.3109,121.5318,127.2404,2.0947,0.5725,0.8255,3.2041,0.2585,0.0251,0.2018,0.3261,5.2085,3.2104,0.7763,16.29,76172.7072,1502.2315,1501.7937,52.8639,0.00025345530398953903,0.06212045267149913,0.0037437066854701505
168_222,Deepfakes,fake,1228.0,100.0,100.0,1.0,114.5898,1.1425,111.1007,116.6857,0.4006,0.3154,0.0521,1.5109,0.3596,0.0362,0.2632,0.4273,2.683,2.1043,0.4655,9.0109,67527.5603,475.9561,1517.9434,35.9521,0.00011339588485368488,0.09667223888147176,0.0034335482614214485
175_159,Deepfakes,fake,504.0,100.0,100.0,1.0,119.9938,5.6653,107.9882,126.8517,1.3864,1.1523,0.25,8.8198,0.2373,0.0272,0.1741,0.3389,8.1297,7.9709,0.9209,45.6149,72069.9573,1203.7245,935.4787,136.1899,0.00017125478494825694,0.16615261524864677,0.0081632712363118
178_598,Deepfakes,fake,521.0,100.0,100.0,1.0,108.582,0.3485,107.6296,109.5294,0.2592,0.3666,0.0209,3.2561,0.3545,0.0412,0.2116,0.4383,3.7946,2.843,0.6101,15.0888,74480.7402,691.6769,1188.7803,62.6053,0.0005112614168961869,0.16681553040482847,0.008863363479373446
183_253,Deepfakes,fake,390.0,78.0,78.0,1.0,72.0008,0.4289,70.6851,72.6085,0.7418,0.2282,0.3727,1.6256,0.2531,0.0412,0.167,0.4742,8.0852,6.3463,1.0565,30.7336,53696.1026,370.4605,2060.7839,49.9159,8.70926453202998e-05,0.2400262070521381,0.0045465314007881764
189_200,Deepfakes,fake,512.0,100.0,100.0,1.0,155.3312,10.729,141.9187,181.4698,0.8954,0.4157,0.2388,2.3383,0.228,0.0285,0.135,0.3254,4.0821,3.2202,0.6327,15.1246,86190.1601,2947.359,1536.0717,97.1326,0.00010192018460417056,0.09582794891521781,0.002441976345347331
192_134,Deepfakes,fake,287.0,57.0,57.0,1.0,97.9891,0.3503,97.2357,98.5973,0.4209,0.2926,0.0888,1.3998,0.3155,0.0262,0.1888,0.3546,4.8188,3.8361,1.0012,17.2937,58135.1324,313.8663,940.0527,42.2102,0.000280488952714906,0.09781524740904317,0.0019195340180607255
200_189,Deepfakes,fake,719.0,100.0,100.0,1.0,132.0777,1.83,127.2449,135.0891,2.3643,0.2872,1.8329,3.0717,0.3306,0.0325,0.2155,0.3737,2.7347,1.9759,0.5817,12.96,71750.7677,984.799,1442.1794,75.0416,0.00010648117986027464,0.05283935072698489,0.003247351797528012
206_221,Deepfakes,fake,714.0,100.0,100.0,1.0,93.6416,0.6453,92.4052,95.1829,0.2869,0.1933,0.0394,0.9704,0.234,0.0469,0.1357,0.3482,2.842,1.7969,0.4838,10.176,71700.4615,307.5636,1456.4117,62.4309,0.00016606948351179326,0.043123773246954,0.007995696456550242
210_241,Deepfakes,fake,839.0,100.0,100.0,1.0,91.1832,1.777,83.0747,92.9941,0.5679,0.3322,0.1897,2.292,0.3533,0.0597,0.2422,0.5306,2.9339,1.7281,0.7019,8.9963,58099.0826,2461.0371,1897.8339,112.2342,5.420543219133482e-05,0.1714656992621975,0.0032265010627709643
221_206,Deepfakes,fake,718.0,100.0,100.0,1.0,47.1739,3.7443,45.0011,63.0062,0.2365,0.1965,0.0223,1.3535,0.3897,0.026,0.315,0.4505,2.954,2.2514,0.5609,14.3864,39734.9472,3944.1769,1528.1135,66.4246,0.00014252845723200245,0.11781831151568527,0.005079819320293179
222_168,Deepfakes,fake,407.0,81.0,81.0,1.0,126.4933,2.7775,117.362,138.4232,0.658,0.4507,0.0823,2.4491,0.343,0.0409,0.2164,0.4073,2.852,2.0842,0.4153,11.145,61045.5242,1524.5931,1115.7265,48.984,4.1214878228095074e-05,0.10948957661161567,0.0032659606839562988
228_289,Deepfakes,fake,556.0,100.0,100.0,1.0,112.4986,1.578,111.0576,115.9744,0.1855,0.0968,0.0446,0.5869,0.2887,0.0188,0.2287,0.347,3.5846,3.0955,0.8043,16.3091,63779.3408,1388.2751,1238.1918,121.8287,7.966417238736374e-05,0.05750304766622945,0.0028812322200756084
241_210,Deepfakes,fake,292.0,58.0,58.0,1.0,85.385,0.7609,84.3539,87.1115,0.5947,0.4398,0.0683,2.0902,0.2138,0.0285,0.118,0.2775,6.0738,4.8487,0.5477,20.5343,49601.9534,396.8439,1637.7707,27.7095,5.309013134110476e-05,0.252834162914619,0.004840048428588439
246_258,Deepfakes,fake,496.0,99.0,99.0,1.0,70.2013,0.8599,68.7611,72.4441,0.4284,0.2184,0.1285,1.1089,0.2819,0.0322,0.1741,0.3554,4.2654,3.8957,0.7288,20.3165,49586.0261,1339.8458,1551.7314,96.8084,0.00014818054899239883,0.06755467711497208,0.003379898461858243
251_375,Deepfakes,fake,346.0,69.0,69.0,1.0,77.2283,0.4796,76.1939,77.8664,0.2499,0.132,0.0605,0.6118,0.412,0.0243,0.3157,0.4504,5.2267,3.5701,1.0316,16.8286,58699.5837,426.867,1263.4819,36.7368,0.00017840037145777315,0.08929244537411221,0.00949783002300856
252_266,Deepfakes,fake,572.0,100.0,100.0,1.0,155.838,9.6758,127.4356,173.319,1.7645,1.532,0.1868,5.5035,0.2305,0.0246,0.1643,0.2939,4.8743,3.221,0.9696,17.0069,72332.1591,2911.4176,2132.2146,181.8587,0.000383374890727926,0.050592271468300844,0.005607186973029835
253_183,Deepfakes,fake,501.0,100.0,100.0,1.0,209.0965,5.8534,201.3963,218.8741,0.3735,0.4008,0.0495,3.4265,0.381,0.0653,0.235,0.5279,8.51,21.2066,1.5354,209.5165,97791.4096,2691.2219,1246.0403,286.6882,0.00010968352049316083,0.05472767455419123,0.003558379066155307
254_261,Deepfakes,fake,427.0,85.0,85.0,1.0,87.631,0.5251,86.1919,89.4318,0.407,0.1875,0.2004,1.7694,0.3205,0.0406,0.2065,0.428,4.2111,3.112,0.8116,18.0026,67291.4055,357.3331,1617.2502,53.6072,8.019540367905947e-05,0.2138880631930379,0.003211292215017335
257_420,Deepfakes,fake,763.0,100.0,100.0,1.0,95.3721,6.247,83.4611,116.3318,3.2766,2.916,0.2009,12.3087,0.3509,0.0336,0.2722,0.425,1.7898,1.4009,0.0,9.0576,60642.7846,3733.8601,868.0422,133.9751,0.0001394186569472349,0.03751588004788688,0.0025424447347505152
258_246,Deepfakes,fake,498.0,99.0,99.0,1.0,106.7815,12.0957,81.1767,123.8355,2.7683,1.7557,0.3953,8.4958,0.3315,0.0304,0.2314,0.3922,7.4849,6.5256,1.2092,54.6663,63442.6043,5258.9634,1921.1175,181.4465,0.0001502058535550893,0.08155158025754079,0.00708372782213057
261_254,Deepfakes,fake,677.0,100.0,100.0,1.0,63.2954,0.28,62.3872,63.8489,0.3857,0.1072,0.2151,0.8363,0.3754,0.0308,0.2651,0.4486,2.7122,1.9306,0.5599,11.9128,47865.3475,370.5316,1291.184,44.4016,0.00020062224327335948,0.21007075692895466,0.0029642480116963588
263_284,Deepfakes,fake,300.0,60.0,60.0,1.0,120.496,2.8295,116.8132,132.0689,1.5977,0.9805,0.166,3.7094,0.2642,0.0311,0.2045,0.3106,12.0103,8.8098,1.9574,46.6157,61094.3665,3047.6345,1061.831,78.3973,8.884142748073612e-05,0.07219103675275854,0.0041412582592597206
264_271,Deepfakes,fake,455.0,91.0,91.0,1.0,122.6797,1.2089,120.5059,131.6876,0.2699,0.3861,0.0443,3.1664,0.3,0.0267,0.2166,0.3606,2.3703,1.9421,0.4569,9.7774,79062.1055,382.7941,2103.5407,136.7098,0.00014832154949073037,0.07414985737565909,0.007533815137997745
266_252,Deepfakes,fake,465.0,93.0,93.0,1.0,83.5944,3.2062,79.5391,91.9088,2.4784,0.933,0.7345,4.2451,0.2633,0.0177,0.2262,0.3098,2.7263,2.5614,0.3981,14.6907,46595.7826,2336.4431,1297.7119,62.7364,0.00012583076757100836,0.041714083810523404,0.002650546862667473
271_264,Deepfakes,fake,490.0,98.0,98.0,1.0,130.8178,1.1605,128.173,133.4753,0.5321,0.3331,0.1164,1.784,0.2929,0.0363,0.1871,0.3688,3.2973,2.7862,0.5036,15.7148,70643.8992,750.2038,2292.4306,342.1166,0.00028268217708656435,0.07388120023672823,0.004378241744627617
272_396,Deepfakes,fake,323.0,64.0,64.0,1.0,146.6174,9.798,131.2675,168.7581,1.0366,0.773,0.3029,4.7384,0.3092,0.0301,0.2454,0.3698,5.3944,3.9464,0.9193,20.1819,82285.7083,4278.798,1382.0982,304.9135,0.00017633739655967005,0.04520469057125579,0.004276597783441623
284_263,Deepfakes,fake,483.0,96.0,96.0,1.0,80.3851,2.3015,76.9543,85.3793,1.5295,0.6682,0.3456,3.0761,0.2161,0.0298,0.1447,0.2802,17.0087,12.3008,2.9569,60.7607,43295.0092,1686.1015,1582.0774,151.0974,0.00027860254565947586,0.1922438782649003,0.002431441003439755
288_321,Deepfakes,fake,543.0,100.0,100.0,1.0,113.9574,4.318,109.78,119.8931,0.299,0.1939,0.0575,1.0427,0.3628,0.0331,0.2661,0.4474,2.6307,1.8322,0.5365,10.8262,64697.5145,2066.539,1126.2696,134.5197,0.0001278172341493566,0.0630821274240068,0.0030763616247311614
289_228,Deepfakes,fake,597.0,100.0,100.0,1.0,85.6971,0.646,84.0665,86.952,0.9945,0.264,0.4395,1.5746,0.3641,0.0213,0.298,0.4103,2.4251,1.8981,0.5608,8.3652,50140.5612,734.537,1333.7005,67.8606,3.0555456585858675e-05,0.07399796400830264,0.0037268186255511484
292_294,Deepfakes,fake,425.0,85.0,85.0,1.0,94.3908,3.3352,88.0017,100.9274,0.7858,0.3403,0.1383,1.6071,0.3187,0.0302,0.2097,0.3838,8.0449,5.2058,0.8742,25.3569,65699.3066,1175.93,1727.7306,79.2077,0.00023778332801165124,0.12421698361593252,0.003685810417314141
294_292,Deepfakes,fake,604.0,100.0,100.0,1.0,78.0516,1.4808,75.6736,81.1306,0.6168,0.1413,0.427,1.125,0.3269,0.0406,0.1756,0.3803,3.8273,3.1411,0.9234,22.252,48319.1936,607.0936,1758.8853,141.6355,0.00010680432408867594,0.05366599248957998,0.004377629614339961
321_288,Deepfakes,fake,567.0,100.0,100.0,1.0,89.3136,5.6587,82.6635,99.3652,0.6367,0.4672,0.1351,3.4342,0.3449,0.0261,0.2735,0.4,2.6509,2.1063,0.5693,13.5723,64015.6104,5351.2951,2191.2495,216.1173,0.00011906732465512629,0.06349960712247663,0.003172145260032685
324_356,Deepfakes,fake,1249.0,100.0,95.0,0.95,91.2781,5.51,80.6259,110.1564,2.252,1.0925,0.4267,5.0588,0.2506,0.0364,0.1744,0.3275,5.798,5.8541,1.0237,40.9556,74189.3614,4487.8661,1079.5433,55.2985,0.00020097468286877873,0.410071661226474,0.004248627458692007
337_522,Deepfakes,fake,331.0,66.0,66.0,1.0,80.8946,1.0568,78.7164,83.385,1.3919,0.5546,0.0704,3.404,0.2277,0.0405,0.1279,0.314,3.2673,2.0932,0.2536,10.126,60959.3207,861.6135,1559.3558,87.2796,0.00012999073803854786,0.05944602965926119,0.007759861513558807
339_392,Deepfakes,fake,457.0,91.0,91.0,1.0,72.3869,0.9089,71.006,75.6265,0.6512,0.5453,0.1615,4.5835,0.2996,0.0517,0.1902,0.4558,3.5595,2.3256,0.5928,18.2004,61190.0929,645.6949,787.7767,42.1582,0.0005946485677262532,0.07711787666230888,0.00541336904257174
356_324,Deepfakes,fake,558.0,100.0,100.0,1.0,143.5629,9.649,123.4163,159.6573,2.0402,2.2421,0.7223,17.6715,0.3388,0.0225,0.2617,0.3869,4.7249,2.9372,1.4182,15.6574,71955.0516,3378.7983,1783.9464,93.9208,0.00011451963007602166,0.06652571975578897,0.002984674663075759
360_437,Deepfakes,fake,385.0,77.0,77.0,1.0,100.2755,2.4912,97.4743,109.9561,0.8728,0.4958,0.3049,3.6466,0.2331,0.0576,0.1271,0.3019,11.0532,7.2183,2.1589,39.7985,55157.2138,1577.1821,618.4836,38.0747,4.4362815771814195e-05,0.15564191143922632,0.004961459240000871
361_448,Deepfakes,fake,455.0,91.0,91.0,1.0,129.8892,2.1397,123.4909,134.6094,2.0394,0.9603,0.4137,4.2591,0.2782,0.0454,0.1886,0.3949,20.8544,22.5416,2.3392,143.992,57288.0394,1922.526,1686.7201,83.1155,0.000730624094121234,0.1917513820243624,0.005062039708643351
375_251,Deepfakes,fake,353.0,70.0,70.0,1.0,127.2038,11.2505,101.4044,142.189,1.6209,1.8933,0.3979,14.6982,0.2977,0.0351,0.2048,0.3735,6.9061,3.1147,1.8281,15.3123,61648.8602,5479.5812,1430.7534,252.3739,0.0001750499047939863,0.14919062990483825,0.004206012741550532
376_381,Deepfakes,fake,515.0,100.0,100.0,1.0,74.0097,3.1021,64.0748,77.1742,0.5463,0.5832,0.1999,4.2239,0.3751,0.0299,0.2598,0.4373,3.7068,2.4896,0.5425,15.4369,57830.7567,4104.9824,1632.3059,134.5627,0.0001597074676487134,0.08665362348748155,0.005019858316387587
381_376,Deepfakes,fake,578.0,100.0,100.0,1.0,101.1633,7.5761,89.405,112.2969,1.3323,0.6143,0.4338,4.4275,0.3331,0.0293,0.2354,0.4118,4.711,3.458,0.6724,15.8157,48317.4053,3111.0146,666.7191,58.9013,0.00021725801507386461,0.12420520126238217,0.003565220290903361
392_339,Deepfakes,fake,1496.0,100.0,100.0,1.0,55.2708,2.2152,50.5981,58.959,1.2644,0.7845,0.2139,3.3568,0.2512,0.0331,0.1243,0.3367,12.2763,9.5191,1.8619,58.7497,44070.7412,1694.5719,1117.9168,82.6463,0.0001602125466542499,0.16473027621695238,0.0065344394528783255
396_272,Deepfakes,fake,525.0,100.0,100.0,1.0,57.6537,0.301,56.95,58.2664,0.6611,0.2003,0.3449,1.3687,0.223,0.0445,0.1124,0.3152,5.0581,3.5568,0.7556,16.8002,49746.807,876.5523,1409.8383,40.2565,6.492715729995774e-05,0.07755126309553852,0.00645393868057296
399_488,Deepfakes,fake,862.0,100.0,100.0,1.0,156.3364,0.6105,154.8048,157.8322,0.9056,0.3723,0.34,2.3133,0.1765,0.025,0.1209,0.2263,8.5869,5.9034,2.024,33.3274,63579.1271,661.8231,827.8362,25.6878,9.926333767937597e-05,0.11066352051010186,0.006014120901880289
420_257,Deepfakes,fake,1126.0,100.0,100.0,1.0,136.7081,6.8031,122.8052,143.0037,0.7401,0.3067,0.3229,2.1819,0.3324,0.0335,0.2288,0.42,1.472,1.1277,0.2206,5.4207,66069.8354,3785.1967,1092.7758,149.139,0.00016186282731312708,0.062251358991784314,0.0045020386672737864
434_438,Deepfakes,fake,337.0,67.0,67.0,1.0,38.3283,0.5173,37.2931,39.8286,0.5844,0.3527,0.1204,2.0524,0.3496,0.0314,0.2504,0.4098,5.5622,4.717,0.5218,32.6274,37890.3467,403.2205,1540.6195,26.287,0.0006513081541409025,0.05745213277572436,0.006567450298940695
435_456,Deepfakes,fake,476.0,95.0,95.0,1.0,69.1393,1.6818,66.8496,73.9681,0.6179,0.5212,0.1247,3.2429,0.2522,0.0205,0.1885,0.3,3.4262,2.5481,0.837,13.1934,47647.0484,1123.6315,1291.3277,146.0232,0.0001074151142767571,0.06345428330736827,0.0030949475309608714
437_360,Deepfakes,fake,593.0,100.0,100.0,1.0,126.7324,1.8153,119.3369,136.0517,1.2326,0.6264,0.2533,3.5051,0.2841,0.0564,0.1088,0.3519,8.5702,5.3408,1.536,36.417,66866.1566,1079.6116,981.5307,47.3197,4.761395679413473e-05,0.11814150235115776,0.005241892838345834
438_434,Deepfakes,fake,542.0,100.0,100.0,1.0,114.6825,0.7015,113.4918,116.5383,0.5082,0.2442,0.0555,1.4755,0.2881,0.0321,0.1869,0.3646,4.0186,2.3957,0.7676,14.1105,51885.6508,900.4885,1377.9435,39.0326,9.839656004778875e-05,0.09147157551488069,0.002168871672303518
439_441,Deepfakes,fake,462.0,92.0,92.0,1.0,108.2979,3.6967,102.3281,115.9851,1.282,0.583,0.4013,3.2163,0.2428,0.013,0.2001,0.2788,4.478,3.024,1.0697,21.9049,70359.3005,1337.5178,816.7822,70.5092,4.709126398353672e-05,0.04319077158889591,0.0024133918321874756
441_439,Deepfakes,fake,305.0,61.0,61.0,1.0,104.6789,3.3044,98.759,112.3594,1.1807,0.8297,0.1437,4.5605,0.3787,0.0366,0.2061,0.4336,5.6486,3.9254,1.1066,16.0711,75452.6853,1198.084,725.1352,31.5581,4.183252989422944e-05,0.08216972977715434,0.004717831489530163
448_361,Deepfakes,fake,528.0,100.0,100.0,1.0,88.2445,0.4516,86.6381,89.132,0.6732,0.3574,0.1393,1.5887,0.2246,0.0482,0.1599,0.4352,12.4484,13.781,1.8223,86.7875,56618.5608,496.6965,949.4403,34.5564,0.00011092135708471361,0.26770918031140856,0.0047206198882669935
452_550,Deepfakes,fake,606.0,100.0,94.0,0.94,64.5781,0.6781,61.3305,66.3452,0.9591,0.3061,0.6055,2.0128,0.2844,0.0267,0.2232,0.3507,4.6749,3.9343,0.4569,21.8618,42732.8101,471.4119,1649.6778,73.7572,8.59663218628012e-05,0.03359742605070198,0.003747785745542043
456_435,Deepfakes,fake,608.0,100.0,100.0,1.0,113.5727,14.8106,86.9787,134.1992,1.2221,0.8189,0.5682,5.4861,0.2466,0.0433,0.1333,0.3408,6.6038,3.1881,1.8658,18.1568,62396.4216,3212.524,1725.9649,155.1276,0.00026013706118535287,0.06302692230722541,0.00890756501410287
468_470,Deepfakes,fake,597.0,100.0,100.0,1.0,90.8259,2.2032,86.7698,96.5616,0.7284,0.4318,0.196,2.638,0.3374,0.0252,0.2739,0.4011,5.8678,4.5313,0.7531,27.5638,49886.815,1253.9346,849.3198,130.319,0.0002716303708889408,0.047340472608989,0.004771227522855006
469_481,Deepfakes,fake,414.0,82.0,82.0,1.0,117.474,2.6883,109.1962,123.7318,1.8837,0.9654,0.5385,4.9303,0.3294,0.0321,0.2374,0.3944,5.7932,4.7208,1.1408,29.0142,55057.8523,1756.1319,633.9901,49.1407,0.00010585500539695614,0.0866204672817004,0.004579444425724289
470_468,Deepfakes,fake,905.0,100.0,100.0,1.0,55.3111,0.4354,54.4731,56.7261,0.6099,0.3543,0.0891,1.6247,0.2701,0.0344,0.2,0.3576,8.0468,5.1641,0.9705,21.7064,47110.3359,960.1499,1599.761,21.2312,5.696685358433536e-05,0.054129268900418456,0.006383782141281967
479_706,Deepfakes,fake,488.0,97.0,97.0,1.0,123.0258,0.8894,119.1933,124.6125,0.7018,0.2369,0.2621,1.4629,0.3743,0.0295,0.2112,0.4146,14.0628,6.7649,4.8351,39.3589,72408.5072,718.5475,1125.5208,60.1155,0.00023819776826058034,0.06589831510948288,0.002834792558116244
481_469,Deepfakes,fake,414.0,82.0,82.0,1.0,69.558,1.9506,66.1154,74.7144,1.8848,0.8243,0.6241,4.3172,0.2237,0.0337,0.1396,0.2895,6.7472,5.3866,1.6029,26.0321,63729.4103,2997.3236,1702.0556,174.9803,4.149089716228858e-05,0.10102306009849989,0.004001879583462485
488_399,Deepfakes,fake,518.0,100.0,100.0,1.0,91.2783,0.8633,89.0776,93.6647,1.0767,0.4105,0.2626,2.2256,0.3471,0.0417,0.2048,0.4199,7.0768,5.337,1.8823,30.8645,67993.8355,681.4565,721.9293,42.9335,9.936909218132658e-05,0.14152930130368602,0.0023002168650295063
520_542,Deepfakes,fake,350.0,70.0,70.0,1.0,107.7078,0.3792,107.0516,108.811,0.5006,0.2528,0.0898,1.1687,0.3527,0.0618,0.2,0.4401,9.5521,6.8952,1.385,41.8649,62037.9642,630.9489,1222.0487,26.0851,0.00025863130798631,0.15539506682653167,0.005023362444942534
522_337,Deepfakes,fake,713.0,100.0,100.0,1.0,78.6821,1.1184,75.4346,81.2474,0.2817,0.3009,0.0189,1.6545,0.2849,0.0342,0.2041,0.3857,1.7825,1.339,0.2977,6.2941,48266.993,1519.6069,1399.6847,84.9366,0.00013536636026397703,0.059959229324785354,0.004208875717872718
529_633,Deepfakes,fake,335.0,67.0,67.0,1.0,88.9886,2.4029,81.2168,94.3824,0.7305,0.3991,0.1866,1.9572,0.3107,0.0469,0.181,0.3827,7.4951,5.5994,1.8968,27.899,52748.3823,2628.4021,898.0729,54.8431,0.00015906208277303535,0.1552149073710388,0.004299640142092178
542_520,Deepfakes,fake,320.0,64.0,64.0,1.0,81.8114,1.1254,80.7207,84.7347,0.464,0.5154,0.0525,3.8113,0.3363,0.0506,0.167,0.4027,7.1339,6.6029,1.0214,34.5225,54903.2225,604.0713,1601.8368,17.1787,9.025200740732409e-05,0.0650840060032244,0.003147846449131101
550_452,Deepfakes,fake,444.0,88.0,86.0,0.9773,128.6387,0.2285,128.1905,129.1845,1.1268,0.3623,0.0012,1.9028,0.4102,0.0398,0.3199,0.5396,1.1201,1.0579,0.0,5.7141,57059.8279,213.3441,2023.6026,41.2418,5.796771197766236e-05,0.05550493420168216,0.002010091876460521
554_572,Deepfakes,fake,828.0,100.0,100.0,1.0,191.1041,0.2809,189.7922,191.6255,0.383,0.2923,0.0244,1.071,0.2778,0.0725,0.0925,0.4497,5.3671,3.0416,1.1232,20.0383,86301.0834,200.1436,1369.8804,35.2768,0.00013819468301330535,0.050139154747939695,0.002404791988655636
556_588,Deepfakes,fake,372.0,74.0,74.0,1.0,75.3134,0.7126,73.2487,76.3539,0.7423,0.4772,0.1465,2.5085,0.3336,0.0454,0.2068,0.4287,6.4578,4.8327,1.2194,21.3776,45038.6095,577.283,707.8934,36.403,0.00019048814698883492,0.18245418506622263,0.004199159540539845
565_589,Deepfakes,fake,430.0,86.0,86.0,1.0,103.9077,4.3122,100.4447,114.2491,0.4681,0.6015,0.1049,3.9938,0.3453,0.0257,0.2225,0.4009,2.7647,1.4808,0.8032,8.6938,65446.7747,3467.7915,1394.6994,48.7121,3.090281479974637e-05,0.033606272774538884,0.004009580426874993
568_628,Deepfakes,fake,570.0,100.0,100.0,1.0,115.3397,2.8281,107.0826,117.0918,0.3968,0.1757,0.1345,1.054,0.3562,0.0207,0.2764,0.4012,2.5438,1.2212,0.6567,5.5781,60561.3416,717.5922,1248.6148,45.5722,7.063250354335466e-05,0.06379285764189666,0.0032006085324817308
572_554,Deepfakes,fake,347.0,69.0,69.0,1.0,85.2605,3.0276,72.9202,86.6372,0.8602,0.5726,0.1232,3.9892,0.3325,0.0751,0.1938,0.4646,10.3462,6.9006,1.0769,28.1523,69282.2751,2676.2916,1876.4503,84.7678,0.00016487058906020804,0.05725711536178686,0.0046215818877959865
585_599,Deepfakes,fake,359.0,71.0,71.0,1.0,81.8279,1.539,79.4836,85.4791,0.7376,0.6385,0.1974,4.4102,0.2939,0.027,0.2022,0.3548,4.5396,2.2892,0.8625,10.788,60197.6758,2717.1715,1201.0078,103.4892,0.00011461481547629215,0.03542796194790121,0.003685817732061135
588_556,Deepfakes,fake,544.0,100.0,100.0,1.0,102.4767,0.4359,101.5308,103.49,0.737,0.5519,0.066,3.2804,0.2533,0.0272,0.1786,0.3092,7.289,3.9695,1.288,18.907,60784.1968,603.1213,877.3339,31.8771,0.000137451974897622,0.10015155938278138,0.006192439180337278
589_565,Deepfakes,fake,686.0,100.0,100.0,1.0,125.3834,1.2632,123.9459,129.4914,0.6218,0.536,0.0722,2.6153,0.2898,0.0319,0.2086,0.3684,4.0544,3.6631,0.392,17.3652,62913.7732,880.6257,1692.3466,109.938,6.468165816175365e-05,0.06487608067145376,0.007266044990756498
596_609,Deepfakes,fake,557.0,100.0,100.0,1.0,123.3426,0.4559,122.4091,124.5468,0.7229,0.2356,0.277,1.5505,0.288,0.0397,0.1388,0.3454,2.2647,2.112,0.4716,12.0565,60274.6647,617.4978,1486.3294,50.98,9.866531047881878e-05,0.056171969377910067,0.005321625291620884
598_178,Deepfakes,fake,686.0,100.0,100.0,1.0,141.3906,0.195,141.0181,141.7001,0.2988,0.3152,0.0419,2.3294,0.327,0.0316,0.2491,0.3892,1.4221,0.8378,0.3357,4.3269,92275.9718,185.2492,1432.7453,46.439,0.00018149702532953803,0.08885920093933411,0.010061113680111044
599_585,Deepfakes,fake,398.0,79.0,79.0,1.0,65.2527,1.6794,61.2498,68.8429,1.4713,0.7911,0.2652,3.4447,0.2063,0.0373,0.1194,0.2652,10.2638,7.3402,1.9131,36.6222,39037.0504,1450.6036,1741.2788,145.1221,0.0002977680173961704,0.1033579155706974,0.004308853528410731
607_683,Deepfakes,fake,454.0,90.0,90.0,1.0,113.1549,0.8793,111.5036,115.0634,0.5826,0.2763,0.1594,1.5996,0.3525,0.0483,0.2189,0.4094,16.6071,6.9013,5.9578,37.5243,57780.0265,574.6783,955.1026,64.1855,0.00019403318683571078,0.15537248164080714,0.006200144243149739
609_596,Deepfakes,fake,489.0,97.0,97.0,1.0,97.694,11.4253,76.9506,114.0219,2.6363,1.8089,0.2518,7.1506,0.3281,0.0271,0.2442,0.3936,3.7368,2.4269,0.9254,12.0346,63139.8336,7050.3361,1566.3341,71.8089,0.000152937862448262,0.08491819119069824,0.0032891288533088096
611_760,Deepfakes,fake,645.0,100.0,93.0,0.93,152.5872,1.4941,149.8561,154.7769,0.3043,0.1763,0.0616,1.3651,0.2509,0.0298,0.1789,0.3137,2.0554,1.1429,0.5807,6.4054,86748.4857,491.5911,1034.6478,57.8162,0.0003022271081566761,0.02947633366956135,0.005120567588773854
614_616,Deepfakes,fake,507.0,100.0,100.0,1.0,87.6117,2.2175,79.736,90.7969,0.5222,0.4812,0.2001,4.407,0.3145,0.0216,0.2585,0.3727,2.4913,2.3037,0.43,14.8912,68232.9743,1372.631,1707.9732,102.1526,2.860204317111139e-05,0.08573899641118597,0.003830414385102259
615_687,Deepfakes,fake,452.0,90.0,90.0,1.0,156.5018,1.3219,153.3934,160.6909,0.5986,0.3456,0.2363,2.5697,0.3991,0.0213,0.3417,0.4488,4.831,2.7317,1.6148,13.2031,80799.2754,1481.5193,1600.1951,79.2056,6.738415216495901e-05,0.07329061396710417,0.0026673107795657193
616_614,Deepfakes,fake,663.0,100.0,100.0,1.0,82.5882,2.2024,75.7579,88.8578,0.9195,0.8914,0.0644,6.0894,0.2587,0.0243,0.1825,0.3104,3.7599,2.489,0.6161,12.2215,62010.0384,1078.3079,1364.1875,91.4275,0.0002363018863014236,0.10102222693923049,0.004728746887698396
623_630,Deepfakes,fake,352.0,70.0,70.0,1.0,71.8359,1.3485,67.9891,74.6603,0.4764,0.254,0.1595,1.3205,0.3016,0.0262,0.2268,0.3507,2.4017,1.4935,0.4595,10.1357,51191.74,1441.298,1910.8465,136.4164,8.591164679748117e-05,0.03919080370730103,0.004310634641520328
628_568,Deepfakes,fake,895.0,100.0,100.0,1.0,71.2856,0.2359,70.5245,71.9123,1.2137,0.3095,0.6839,2.1711,0.2697,0.0204,0.2093,0.3159,3.4297,2.6656,0.501,13.8495,37167.1714,339.2642,1101.0055,42.7719,5.4612425619408334e-05,0.2097826755176811,0.007455602982195724
630_623,Deepfakes,fake,423.0,84.0,84.0,1.0,76.0578,5.9531,66.8594,84.454,1.8207,1.5786,0.041,6.4051,0.3861,0.0236,0.3128,0.4376,2.3065,1.4205,0.3332,6.482,45079.9903,8457.3713,1342.6999,127.0579,8.74863914660961e-05,0.05094661753463988,0.0034834999253719906
633_529,Deepfakes,fake,512.0,100.0,100.0,1.0,106.3397,1.142,103.7408,108.8295,0.7672,0.4508,0.1276,2.2065,0.3155,0.0464,0.2098,0.3904,6.2595,5.9591,1.331,31.362,66655.9408,812.3163,1297.2838,60.0274,0.000252592219731304,0.16769065385429122,0.0044581374554438025
635_642,Deepfakes,fake,764.0,100.0,100.0,1.0,99.2767,0.1842,98.917,99.8498,0.3707,0.1408,0.1607,0.8319,0.3632,0.0236,0.3104,0.4487,3.2975,2.1962,0.6785,13.5875,54402.5734,381.3975,1869.6975,43.8153,0.00010046837349639492,0.08717844730017707,0.0030795597574783287
642_635,Deepfakes,fake,573.0,100.0,100.0,1.0,151.1995,12.2877,131.0849,166.1741,1.8519,0.7087,0.6783,3.423,0.2512,0.0263,0.1902,0.3126,3.3404,2.615,0.392,11.9806,60875.6413,1710.398,855.7161,60.2001,0.00016531133608125228,0.06348844067235189,0.003656156312541266
644_657,Deepfakes,fake,413.0,82.0,82.0,1.0,90.2925,0.8953,88.5802,91.7912,0.9734,0.346,0.4608,2.9531,0.3308,0.032,0.208,0.3884,4.4487,3.2164,0.875,19.2927,52279.5209,681.915,1640.1376,81.2313,0.0001429160941822782,0.11683107111658567,0.005422076436892551
645_688,Deepfakes,fake,554.0,100.0,100.0,1.0,74.8514,2.2357,69.9754,79.3675,1.6078,0.5673,0.4588,3.6186,0.2098,0.0764,0.0452,0.3553,16.869,11.8446,3.003,78.0944,51054.0738,1577.5082,1326.852,69.9403,0.0004144318064038957,0.1676807038977576,0.005132974261530162
648_654,Deepfakes,fake,471.0,94.0,94.0,1.0,72.9292,2.0024,64.0829,75.5148,0.4968,0.6253,0.1681,3.9353,0.3482,0.0339,0.2581,0.415,2.797,2.0262,0.6983,9.9231,55068.099,1910.0846,1629.4277,105.8747,0.00010069254886763297,0.09729325875595538,0.002438969950539687
649_816,Deepfakes,fake,930.0,100.0,100.0,1.0,96.6334,0.2226,96.1403,97.058,0.3174,0.2133,0.0621,1.3719,0.327,0.0618,0.1501,0.3948,4.4081,2.3577,0.9894,11.1873,58486.6511,177.8336,1153.2272,22.2467,0.00019008016600597182,0.10193076072368168,0.006870487853707264
651_835,Deepfakes,fake,380.0,76.0,76.0,1.0,81.5077,0.4406,80.4537,82.6454,1.4706,0.4981,0.5906,2.9025,0.3466,0.0243,0.2808,0.3989,10.9554,7.6408,2.2947,37.7467,53238.3717,462.001,1876.973,70.8108,5.1655036915429703e-05,0.24503004251483823,0.0035335597507088878
654_648,Deepfakes,fake,410.0,82.0,82.0,1.0,36.1123,0.2279,35.7293,36.7076,0.3035,0.1261,0.1776,0.9754,0.2411,0.0369,0.1582,0.3257,2.2752,2.0429,0.2708,13.9808,32193.4848,356.5108,1200.3789,51.56,0.00010820134804136548,0.051722611215458146,0.0028736690790790065
657_644,Deepfakes,fake,546.0,100.0,100.0,1.0,129.4772,10.5572,112.3355,142.8805,1.9366,0.7544,0.7935,4.6743,0.2781,0.0336,0.1852,0.3476,6.8291,5.4832,0.5685,26.4432,54689.7821,4693.3494,863.0558,50.28,0.00015085459003171504,0.13039497903376807,0.003393134243485126
661_670,Deepfakes,fake,513.0,100.0,100.0,1.0,115.5391,5.6029,106.864,127.2636,1.5443,1.0934,0.3347,6.6114,0.3164,0.0261,0.2276,0.3842,5.4641,4.1508,0.754,30.9439,69774.4468,1846.5846,1866.3492,95.8654,7.145442347995054e-05,0.07762433774330248,0.003061984936456459
664_668,Deepfakes,fake,293.0,58.0,58.0,1.0,75.8478,3.9601,69.8091,81.11,0.841,0.4491,0.1906,2.0251,0.3055,0.0235,0.2599,0.3611,7.0638,4.7738,0.8596,20.7435,70578.686,3747.0496,1640.0156,111.5106,0.0002004128181695687,0.16017982010385598,0.00426232813017808
665_679,Deepfakes,fake,324.0,64.0,64.0,1.0,139.6027,0.3459,139.0671,140.4057,0.1927,0.1103,0.0524,0.5802,0.3407,0.0669,0.1671,0.4892,3.8771,2.2703,0.9398,13.4048,79119.2382,172.9029,1398.0976,16.3205,0.0006474881520065449,0.09232368255839948,0.004476010830689345
668_664,Deepfakes,fake,398.0,79.0,79.0,1.0,63.5752,0.9905,61.9519,66.2459,0.8331,0.3517,0.3335,2.32,0.2988,0.0186,0.236,0.3398,3.6494,2.4113,0.4899,10.9901,42835.5333,886.9647,850.8279,57.4024,9.416726242340857e-05,0.10623732329673737,0.0042518063118634685
670_661,Deepfakes,fake,481.0,96.0,96.0,1.0,114.792,2.074,108.9,118.8431,0.7754,0.4797,0.1733,3.1144,0.2106,0.0241,0.1495,0.2634,3.9879,3.9364,0.6491,24.3263,70525.9253,3470.269,1080.94,98.207,0.00014423158181973915,0.05045032390094182,0.0019478399965387342
671_677,Deepfakes,fake,343.0,68.0,68.0,1.0,83.0921,0.9879,80.9703,85.262,1.1053,0.4553,0.3515,2.7136,0.3135,0.0276,0.2197,0.3693,9.0883,6.7406,2.2608,40.9043,45360.1581,1095.0123,1054.8663,32.9622,0.00015855009980908787,0.04381730924093719,0.0037873216044876875
672_720,Deepfakes,fake,541.0,100.0,100.0,1.0,45.8062,0.2261,45.3366,46.271,0.2304,0.1323,0.0708,0.6465,0.3102,0.0449,0.1665,0.3834,4.9016,4.002,0.9693,18.5752,43211.253,249.6965,1145.9189,27.488,0.00014797043810424004,0.12595194375475924,0.0035587228618791924
677_671,Deepfakes,fake,314.0,62.0,62.0,1.0,100.8259,0.8521,98.3991,103.1814,0.7567,0.48,0.1932,3.5442,0.3182,0.0328,0.1614,0.3524,10.3397,7.3475,1.8514,37.426,69272.7138,694.0615,866.1944,42.5679,9.517346705701525e-05,0.11965190872987672,0.0025500987784780557
679_665,Deepfakes,fake,416.0,83.0,82.0,0.988,122.0103,3.9243,116.645,130.09,0.7144,0.751,0.0748,4.6522,0.3003,0.0329,0.2137,0.3963,6.1963,4.829,1.1099,20.9993,68534.841,1396.9929,1346.0155,43.2442,0.0001703065420292772,0.25614940532758845,0.004239396797419222
683_607,Deepfakes,fake,302.0,60.0,60.0,1.0,168.0107,1.8431,163.5476,170.9772,0.6117,0.2811,0.1936,1.7621,0.2711,0.0478,0.1754,0.3325,15.9306,9.2781,3.7774,60.706,79417.5892,1896.6791,1003.9472,54.4681,0.0001013847948619961,0.2050921169818468,0.002596345934574544
687_615,Deepfakes,fake,469.0,93.0,93.0,1.0,111.9562,1.237,108.2647,116.2567,0.3431,0.2304,0.1508,1.685,0.2815,0.0298,0.1917,0.3404,2.8388,2.162,0.4655,10.277,66806.2892,1706.5229,1619.9732,97.85,0.00024379393701197267,0.09986472397569916,0.004382501601329457
688_645,Deepfakes,fake,571.0,100.0,100.0,1.0,68.8873,2.2168,64.2244,74.9359,0.8005,0.3629,0.2474,1.7631,0.272,0.0648,0.1375,0.3831,8.1892,4.9003,1.934,29.3646,47169.5815,2491.6206,907.232,44.9687,0.0001674280564837277,0.0803394515046255,0.0027651114383427217
706_479,Deepfakes,fake,328.0,65.0,65.0,1.0,117.9779,1.3104,114.5791,120.1418,1.4218,0.6709,0.3448,4.3487,0.3233,0.0417,0.2049,0.3844,20.7763,13.9361,3.3937,57.8483,54191.7936,1190.8022,1273.331,52.4282,0.00011783585006013067,0.128435570843842,0.0032843287298072324
712_716,Deepfakes,fake,550.0,100.0,100.0,1.0,77.4398,1.4657,67.5825,79.2045,0.6391,0.6954,0.1155,5.0681,0.2721,0.0267,0.2071,0.3242,4.3999,3.3466,0.6359,19.5722,59166.8062,1846.1605,1381.9904,66.6535,0.0003554366997191349,0.13012314736641603,0.005344429433858497
716_712,Deepfakes,fake,628.0,100.0,100.0,1.0,102.0859,0.3303,101.5428,103.2921,1.3089,0.471,0.7135,3.6926,0.3576,0.0257,0.2765,0.4167,3.8261,3.08,0.5868,15.1795,54944.9991,248.7398,1557.3747,42.5132,0.00018412885901865906,0.16928938168092017,0.005210802329161944
719_737,Deepfakes,fake,402.0,80.0,80.0,1.0,135.2291,3.9697,127.8875,138.5714,0.3574,0.2879,0.0486,1.5936,0.307,0.024,0.2288,0.3494,2.9718,2.2638,0.6811,11.0838,67126.948,1996.5706,1288.7046,90.7699,4.187851812594218e-05,0.0585349251075369,0.006301962158953454
720_672,Deepfakes,fake,564.0,100.0,100.0,1.0,125.8421,1.1226,121.7528,128.1051,0.933,0.5519,0.2001,2.595,0.3181,0.0623,0.1482,0.4335,7.0816,5.6077,0.959,29.2417,81431.2012,1495.8937,1268.4762,33.3368,0.00015875195059103216,0.19107627070498284,0.005456491890432558
737_719,Deepfakes,fake,369.0,73.0,73.0,1.0,67.3817,2.7794,62.6794,73.1974,1.0361,0.6145,0.243,3.7322,0.3246,0.0273,0.2535,0.3743,2.9751,1.885,0.495,9.9298,44094.0482,979.8301,1002.9814,95.5782,3.1722453133452966e-05,0.06371209219796801,0.009802218900832924
760_611,Deepfakes,fake,306.0,61.0,61.0,1.0,98.665,2.0115,95.4633,102.0896,1.2291,0.4566,0.4768,2.5013,0.2952,0.0379,0.2236,0.3556,6.0933,4.0442,1.1691,19.5514,48724.6133,1114.1441,1706.0689,54.1974,7.883861053351205e-05,0.07974017889695907,0.010993357165258129
771_849,Deepfakes,fake,634.0,100.0,100.0,1.0,125.9856,4.5129,117.8813,130.5472,0.273,0.246,0.0272,1.9496,0.2287,0.0321,0.1143,0.3007,2.7683,2.2591,0.6023,16.4835,87606.1537,1889.1511,1554.9776,52.2118,7.139652168072616e-05,0.06284126415440014,0.003548597131405667
779_794,Deepfakes,fake,306.0,61.0,61.0,1.0,105.9929,0.8316,104.9205,107.2494,0.2593,0.1333,0.0756,0.69,0.2772,0.0394,0.1592,0.3845,4.8224,3.3786,1.0275,23.86,67368.1223,632.4892,1880.1263,44.2935,0.00019724668574738646,0.03595546199154374,0.002750144050465921
786_819,Deepfakes,fake,520.0,100.0,100.0,1.0,83.1253,2.7735,75.134,89.4596,1.9353,0.751,0.5322,3.6039,0.2401,0.0264,0.1701,0.2862,21.0814,14.9167,2.9272,68.664,51160.6436,1350.657,687.3514,79.8524,0.00010547452322612668,0.05329390952859717,0.003717307290023978
794_779,Deepfakes,fake,879.0,100.0,100.0,1.0,106.6497,15.9103,91.4448,140.4391,1.3286,1.2551,0.1924,7.5259,0.3181,0.0277,0.2583,0.4666,4.4262,3.594,0.8505,21.1452,63247.6334,5038.3699,2074.589,196.3339,0.00019502973780445272,0.1004458083039621,0.007448390762897491
811_920,Deepfakes,fake,542.0,100.0,100.0,1.0,83.2914,4.0071,79.5159,90.8185,0.4869,0.5905,0.0577,5.1164,0.2799,0.0308,0.1501,0.3224,5.8116,5.6735,0.889,29.134,53994.3298,3152.6504,1680.3173,61.5714,0.00018583640721956136,0.26352138529283764,0.004449970028320613
816_649,Deepfakes,fake,411.0,82.0,82.0,1.0,124.4061,1.3584,118.6698,126.5118,1.0519,0.7901,0.2921,4.1776,0.3099,0.0207,0.2466,0.3419,6.1649,4.2636,1.2619,27.0952,51607.2977,740.9235,398.0158,50.642,4.912146048928394e-05,0.049318839120697296,0.00432701835155462
817_827,Deepfakes,fake,419.0,83.0,83.0,1.0,102.1226,0.5768,101.2037,104.065,0.5605,0.2819,0.0734,1.5394,0.3953,0.0531,0.2889,0.513,5.9677,4.4906,1.1292,18.7015,62707.5242,768.5446,1475.0147,35.078,0.00020093433117340686,0.12063442042955971,0.004391181941684729
819_786,Deepfakes,fake,927.0,100.0,100.0,1.0,128.2627,0.2236,127.7554,128.7458,0.4337,0.2022,0.0867,1.0945,0.3233,0.0344,0.215,0.363,4.8846,2.01,1.3643,12.1033,71495.4655,161.3649,992.1181,25.6195,2.9668696255639502e-05,0.05784648299950858,0.003818702303935492
827_817,Deepfakes,fake,311.0,62.0,62.0,1.0,100.4099,1.8102,94.9297,102.7626,1.0097,0.5346,0.5507,3.8655,0.2483,0.0263,0.1812,0.2906,1.8647,1.4004,0.3382,5.6804,81812.313,1026.3895,1753.3331,61.934,0.0001150729964476062,0.1230647491502794,0.005513365155899884
828_830,Deepfakes,fake,319.0,63.0,63.0,1.0,77.939,0.4073,76.9746,78.6917,0.6556,0.5122,0.1416,2.1438,0.3382,0.0411,0.1924,0.4048,2.9361,2.483,0.4802,13.9601,41277.3665,378.3978,1437.5234,59.6175,6.17674063713782e-05,0.047556964938657846,0.0027643677556303723
830_828,Deepfakes,fake,511.0,100.0,100.0,1.0,76.0376,1.4496,73.2398,77.7504,0.4384,0.2805,0.1047,1.4424,0.3038,0.031,0.1732,0.3618,3.0314,2.9827,0.4153,17.1427,48990.9351,591.6513,1802.2037,31.444,4.8435357621173085e-05,0.024146199813776702,0.00734501939127757
834_852,Deepfakes,fake,303.0,60.0,60.0,1.0,118.9745,2.1665,115.8287,126.1212,0.8836,0.5804,0.2399,2.6144,0.2085,0.0244,0.1493,0.2601,2.4349,1.4472,0.7219,7.2126,66735.8754,1201.7327,1933.9901,78.9096,0.00014940252036798812,0.06808122266511653,0.0043926687407681575
835_651,Deepfakes,fake,426.0,85.0,85.0,1.0,66.3069,0.3753,65.2169,67.0457,0.7095,0.2734,0.3687,1.5827,0.2688,0.046,0.1436,0.3291,7.8779,7.0024,1.1866,29.2959,43262.2112,367.456,2006.0528,79.6984,0.00011224432269567182,0.18059629887538448,0.0022906908770631267
849_771,Deepfakes,fake,322.0,64.0,64.0,1.0,85.8329,0.2858,85.2549,86.4269,0.9698,0.2565,0.5113,1.7169,0.3246,0.0281,0.2662,0.3843,1.991,1.8124,0.5071,11.1989,42611.8113,427.4554,2386.6132,80.2251,6.551151111665818e-05,0.05131241500100746,0.004695049706719916
852_834,Deepfakes,fake,427.0,85.0,85.0,1.0,153.1627,0.3793,152.1213,153.7529,0.1384,0.1097,0.0143,0.6086,0.2224,0.0216,0.1757,0.2731,2.3839,2.0205,0.3712,9.7818,78912.9783,110.6408,1582.832,26.8739,4.8655715614715097e-05,0.0697249413331671,0.0038220880348399625
853_863,Deepfakes,fake,616.0,100.0,100.0,1.0,116.2545,1.0972,114.0017,118.6376,0.6471,0.3268,0.1238,1.877,0.2816,0.0368,0.1833,0.3561,8.7437,5.8032,1.5418,27.072,62473.51,1097.5319,1438.9933,47.0583,0.0005665156062161781,0.34596899045501883,0.005499885535126935
863_853,Deepfakes,fake,513.0,100.0,100.0,1.0,177.3862,4.5932,157.635,181.8223,0.9339,0.6795,0.2261,3.4435,0.2586,0.037,0.1485,0.3286,6.2868,4.2722,1.3024,25.8877,86768.413,1411.0307,793.3055,63.4958,0.000378389454593255,0.10286168072607378,0.0033190066463815817
866_878,Deepfakes,fake,509.0,100.0,100.0,1.0,41.998,0.4949,41.1744,43.3467,0.652,0.36,0.1042,1.6458,0.3067,0.0375,0.208,0.3881,13.5141,10.2924,1.7279,50.6909,28815.9473,880.2411,965.8251,47.9632,0.00014280456383454663,0.22255051808937149,0.007140331161710565
876_891,Deepfakes,fake,313.0,62.0,62.0,1.0,95.1797,0.0438,95.1006,95.2974,0.0989,0.0795,0.0209,0.5324,0.2272,0.0242,0.1464,0.273,2.084,1.0891,0.5315,6.0257,60488.225,76.5443,1961.8683,26.4698,2.6419426669165685e-05,0.11847337704805824,0.002145872500019672
878_866,Deepfakes,fake,736.0,100.0,100.0,1.0,116.7756,1.2056,115.5294,119.2093,0.398,0.2976,0.0649,1.52,0.2283,0.0362,0.131,0.4037,7.5565,12.0395,0.8939,86.3128,52254.7134,363.4591,851.9362,172.472,0.0001392465742507485,0.24985592377058716,0.0039684637836028365
882_952,Deepfakes,fake,333.0,66.0,66.0,1.0,181.9026,1.5375,178.815,184.3707,1.3215,0.4867,0.558,3.1971,0.323,0.0435,0.1788,0.3937,12.7845,13.7619,1.9542,96.3136,81177.3974,1469.2122,1381.5314,69.1298,0.0002813727521674776,0.15119901751201703,0.0045830981982995485
891_876,Deepfakes,fake,296.0,59.0,57.0,0.9661,62.4176,1.0518,60.5796,64.4852,0.8959,0.307,0.2961,1.5587,0.2305,0.0262,0.1688,0.2831,13.0322,9.5645,1.4021,59.915,42638.6283,863.3975,1449.3327,86.5498,0.00012550907069754436,0.21275758427416608,0.005041476306026815
892_112,Deepfakes,fake,311.0,62.0,62.0,1.0,104.9753,1.1024,102.4938,107.8547,0.8643,0.3201,0.2859,1.9493,0.2699,0.0705,0.1071,0.3879,18.8769,11.0879,4.7814,59.5288,59438.2411,910.4163,1374.0392,45.8208,0.00014718811249193778,0.12171896650945639,0.004185757781024456
896_128,Deepfakes,fake,531.0,100.0,100.0,1.0,111.3011,0.2308,110.6928,111.8391,0.2473,0.7358,0.0097,7.3048,0.2967,0.0327,0.2127,0.3696,2.1809,1.7215,0.2267,7.6161,78811.5779,246.4943,1271.3964,36.6424,0.0001288231706380443,0.041572097289949914,0.0030408270913498485
897_969,Deepfakes,fake,333.0,66.0,65.0,0.9848,90.065,0.593,88.1783,91.2575,0.5419,0.3054,0.0809,1.464,0.3552,0.0507,0.2604,0.4572,3.7442,2.8021,0.7019,14.7935,49665.0927,663.1141,1777.9905,66.1668,0.00011503347664454536,0.06737528185582017,0.006190828217134279
904_046,Deepfakes,fake,359.0,71.0,71.0,1.0,54.7745,2.8496,47.9768,59.2064,1.1113,0.3231,0.591,2.2095,0.2572,0.033,0.1297,0.2952,7.3698,4.8458,2.0739,26.1953,60387.3456,3635.0157,987.5128,94.4557,3.049285289691173e-05,0.03866192846823537,0.0037603175935798264
917_924,Deepfakes,fake,448.0,89.0,89.0,1.0,102.183,7.0771,91.5593,112.2338,2.003,0.7547,0.5785,4.0969,0.3522,0.0427,0.2361,0.4535,5.6563,3.0284,0.9402,13.6474,54842.2077,2842.9235,690.6106,47.3041,0.00016646564647149157,0.08199812987455256,0.005118884628863098
919_015,Deepfakes,fake,534.0,100.0,100.0,1.0,28.0209,0.9152,26.465,30.2133,0.5136,0.3598,0.0722,2.0169,0.3255,0.0344,0.2355,0.4693,3.5601,2.407,0.5193,14.109,29004.4915,1013.2096,914.1583,53.789,5.143516374482343e-05,0.07640841139822632,0.005336144703643065
920_811,Deepfakes,fake,371.0,74.0,74.0,1.0,110.1131,4.5865,79.8669,113.0273,0.7377,0.4747,0.0798,2.3538,0.365,0.023,0.2712,0.4089,10.8405,7.6919,1.789,38.8947,64634.3096,3663.3756,1515.8442,217.5693,5.790801927679732e-05,0.16495368582344125,0.005744347202120458
924_917,Deepfakes,fake,1248.0,100.0,100.0,1.0,88.1376,0.4478,86.7877,88.8517,0.4584,0.3035,0.1381,2.0724,0.3783,0.0233,0.2796,0.429,2.436,1.4767,0.4544,7.3793,58006.6765,499.7831,1311.4335,33.9315,8.981400501112359e-05,0.09832096022784453,0.0038426084159248566
938_987,Deepfakes,fake,369.0,73.0,73.0,1.0,71.5369,1.0149,70.1216,74.403,0.8424,0.5951,0.0112,4.7239,0.3223,0.0187,0.2605,0.3574,1.8744,0.9813,0.0147,4.3367,39954.9736,1004.4408,1995.9569,89.8986,6.260038631089642e-05,0.15992851334970998,0.005387338510858664
942_943,Deepfakes,fake,495.0,99.0,99.0,1.0,109.4505,1.6123,101.2712,113.6539,0.56,0.3532,0.1568,2.1305,0.2578,0.0214,0.1693,0.3009,4.3803,3.2163,1.0913,14.7387,57920.3804,1306.8725,1137.7158,100.4005,7.802002654163936e-05,0.29156690674138325,0.004206207370593714
943_942,Deepfakes,fake,470.0,94.0,94.0,1.0,108.3374,0.4849,107.5244,110.3276,0.3755,0.2881,0.034,1.3576,0.2974,0.0361,0.22,0.3815,8.7465,7.3082,0.8448,31.5803,59812.5619,344.4027,848.5047,58.2513,6.730488519831229e-05,0.1574855996267279,0.00850810879628822
944_032,Deepfakes,fake,342.0,68.0,67.0,0.9853,75.5195,1.9087,73.5244,80.6742,0.4559,0.3863,0.0621,2.0311,0.2849,0.0211,0.2294,0.3236,5.6273,6.2755,0.8275,42.1915,45407.1741,791.8971,1091.0217,23.0395,9.171183724305378e-05,0.10048935827029837,0.0036132646529267016
945_044,Deepfakes,fake,761.0,100.0,100.0,1.0,100.1383,0.7911,97.4234,102.9129,1.0687,0.7625,0.0447,4.1665,0.2941,0.0294,0.188,0.3481,4.7223,3.9422,0.8032,26.3473,52153.2489,1396.0112,1355.6345,46.241,8.266380122032048e-05,0.12629931601752103,0.004573059619356656
947_951,Deepfakes,fake,641.0,100.0,100.0,1.0,79.3016,1.281,75.7405,81.0448,0.5752,0.3108,0.1052,1.3994,0.2388,0.0294,0.1141,0.2895,3.8016,3.0576,0.6994,14.8413,48803.6602,1535.7782,1162.797,133.709,0.00015515568308930734,0.10241591749406723,0.0035348347298068683
948_965,Deepfakes,fake,434.0,86.0,86.0,1.0,78.5413,2.8171,72.0131,83.1548,1.2857,0.7932,0.3513,6.8142,0.1999,0.0439,0.1162,0.2998,16.0079,12.6843,2.579,91.7349,68024.1845,3062.0573,1194.4781,43.1901,0.0003159702441155635,0.09578894874537607,0.0030805922995938905
951_947,Deepfakes,fake,1176.0,100.0,100.0,1.0,64.6991,1.4342,62.7481,67.8947,0.5359,0.3579,0.0723,2.7628,0.3226,0.0547,0.1909,0.4098,6.2799,4.9091,1.2686,31.6073,56238.0787,2121.1226,1746.7642,65.7415,6.002006165664977e-05,0.09150179295819201,0.004334475756798608
952_882,Deepfakes,fake,700.0,100.0,100.0,1.0,130.3541,0.8107,128.4018,132.515,1.0882,0.4592,0.3094,2.125,0.3122,0.0222,0.2206,0.3538,8.0695,4.0802,1.5255,20.5357,68651.2522,673.7495,738.9782,51.2964,0.00012031539366108586,0.0471868012776373,0.0028379993987866655
953_974,Deepfakes,fake,351.0,70.0,70.0,1.0,108.9069,5.505,100.7252,119.264,1.4533,1.0224,0.4886,5.941,0.1797,0.0195,0.1371,0.2255,7.9299,4.4989,1.071,18.4889,69484.8041,3966.8323,2112.1958,214.1685,0.00026559137789420147,0.10288007664362238,0.005283705652274976
960_999,Deepfakes,fake,345.0,69.0,69.0,1.0,97.06,0.8922,95.156,98.6586,0.9472,0.5113,0.2558,3.0132,0.2813,0.0374,0.1731,0.3557,10.0481,7.419,1.4824,38.6608,64781.2116,425.0937,1456.5191,102.7899,0.0004648741927615994,0.4029922223619552,0.0050090293042964525
965_948,Deepfakes,fake,348.0,69.0,69.0,1.0,127.2993,2.295,117.0939,129.7048,0.4508,0.3259,0.1176,1.5573,0.3327,0.0238,0.219,0.3699,12.2718,9.9434,1.51,57.2737,68629.5096,1200.9432,1461.0079,32.8066,0.00010509265017477863,0.09608762715589796,0.003454698595477563
966_988,Deepfakes,fake,364.0,72.0,72.0,1.0,96.7879,2.9794,87.6834,100.8369,1.433,1.7299,0.117,9.2139,0.3798,0.0251,0.3141,0.4364,3.1689,2.2542,0.8083,13.6662,86283.2118,2738.5349,2046.0383,160.5989,0.0001188500897150928,0.08654753831899459,0.00618713984087547
969_897,Deepfakes,fake,356.0,71.0,71.0,1.0,79.3487,0.482,78.1935,80.5539,0.7614,0.1672,0.4324,1.2366,0.3314,0.0329,0.2722,0.412,2.3906,1.3236,0.4716,8.6188,59981.6023,480.255,1577.3712,40.9198,0.00010799037789129507,0.07872481227353516,0.005583684677143672
974_953,Deepfakes,fake,318.0,63.0,63.0,1.0,92.169,2.7254,89.2694,97.4296,1.9556,0.7091,0.8763,3.9021,0.2815,0.0243,0.2299,0.338,8.7114,4.6426,2.1664,21.1289,62018.4555,1305.3932,1201.9686,71.3762,0.00019015348071480835,0.11905641776493645,0.007250681610218486
980_992,Deepfakes,fake,383.0,76.0,76.0,1.0,110.5311,3.3663,105.6436,116.043,1.1048,0.4504,0.4171,2.8807,0.3975,0.0303,0.3178,0.4733,4.5736,4.2729,0.6223,19.0628,62598.2276,1176.694,1386.0934,56.6307,9.83988494727928e-05,0.0600323727087793,0.0054882482955739215
981_985,Deepfakes,fake,372.0,74.0,74.0,1.0,86.6425,1.1536,84.1334,88.5899,1.2935,0.4757,0.5697,2.6148,0.2935,0.0276,0.224,0.3584,4.2534,3.0297,0.359,14.9526,53087.1568,1104.3779,1157.9599,45.6047,0.00018807819617545866,0.08964499201537172,0.00398878742606423
982_004,Deepfakes,fake,845.0,100.0,100.0,1.0,137.9103,0.1801,137.5006,138.2627,0.3274,0.1914,0.0698,0.8609,0.2671,0.0381,0.1817,0.3507,5.4803,3.4457,0.8231,18.9745,67179.9544,253.947,2142.4131,17.0881,0.00010440885306086772,0.1232685781302624,0.003047188860287713
985_981,Deepfakes,fake,343.0,68.0,68.0,1.0,102.1323,0.5335,100.3027,104.0064,0.5731,0.2669,0.0124,1.7827,0.3107,0.0383,0.2164,0.3881,2.2924,1.5919,0.3945,6.9652,64379.4982,348.2138,1661.8581,56.1223,0.00011903346338225302,0.03179385179392544,0.00561232242909882
986_994,Deepfakes,fake,828.0,100.0,100.0,1.0,78.2404,1.5667,69.9563,80.494,0.5144,0.5474,0.1978,4.8796,0.387,0.0329,0.227,0.4479,3.1929,3.4335,0.5807,17.3597,57133.3428,2073.0763,1793.1586,162.157,0.00017247931105675185,0.1152776505363277,0.006097590856965317
987_938,Deepfakes,fake,575.0,100.0,100.0,1.0,72.1467,0.5829,71.0096,73.9906,0.4396,0.2093,0.1364,1.2529,0.2533,0.0214,0.2016,0.3054,2.3138,1.8021,0.4777,7.8238,40377.5013,705.4372,1011.7613,39.8322,8.673953827098385e-05,0.04647953625109887,0.007818247214523578
988_966,Deepfakes,fake,455.0,91.0,91.0,1.0,100.2402,0.3232,99.4066,100.8638,0.4569,0.4221,0.0309,2.7577,0.2445,0.0271,0.1688,0.3379,3.6986,3.288,0.4985,17.4285,49680.0013,681.2989,1698.9893,46.2698,2.6744511650774632e-05,0.08740791271338415,0.003789299963111772
990_008,Deepfakes,fake,305.0,61.0,61.0,1.0,97.2302,1.0048,94.6666,99.2803,1.0932,0.3597,0.6122,2.4302,0.2794,0.0344,0.2143,0.4207,2.4745,1.6297,0.4984,7.5532,59943.8603,1138.0443,1874.587,76.8033,8.566720092390995e-05,0.12125963965100413,0.0028972799043525807
992_980,Deepfakes,fake,718.0,100.0,100.0,1.0,70.9007,5.7955,61.4775,82.7797,6.7042,1.9608,3.5269,10.3054,0.3325,0.0305,0.2289,0.4084,4.1586,3.7755,0.501,17.7491,44799.0901,5602.4042,1684.0624,99.9763,0.00011773615095362823,0.13337361569031328,0.003143733882956195
994_986,Deepfakes,fake,316.0,63.0,63.0,1.0,92.9029,1.2016,90.9483,96.5234,1.2891,0.4755,0.5381,2.9655,0.3154,0.0291,0.1927,0.3785,5.2075,3.2666,1.0906,13.7113,63261.0685,625.6782,1771.5317,39.7504,0.0004408498552130385,0.0924070531648055,0.0054662289897668
999_960,Deepfakes,fake,335.0,67.0,67.0,1.0,77.8261,0.7147,76.1049,80.4439,0.5456,0.4291,0.0906,2.0397,0.3731,0.0426,0.2759,0.4821,3.4565,2.8604,0.6049,12.7752,46612.1877,583.6255,597.26,35.5045,0.00023762404582382997,0.3802213324033851,0.00365642314944308
004_982,Face2Face,fake,845.0,100.0,100.0,1.0,57.633,11.1871,44.8831,70.2109,0.6722,0.7978,0.1025,5.4411,0.2846,0.0498,0.1629,0.3749,9.6688,9.6325,0.8439,47.6837,48390.1138,12028.6433,1659.955,80.8837,8.202068671996685e-05,0.19187109238283243,0.003626513281877548
008_990,Face2Face,fake,305.0,61.0,61.0,1.0,117.5774,4.0726,113.5935,125.7999,0.3465,0.3182,0.024,1.209,0.3052,0.0235,0.2496,0.3691,2.5697,1.7592,0.4838,7.4059,55827.0154,1687.2798,1277.5734,28.413,0.00030929015866457783,0.115212229556417,0.003943894964456207
009_027,Face2Face,fake,315.0,63.0,63.0,1.0,67.053,0.3099,66.3677,67.7048,0.2806,0.2052,0.0711,0.8159,0.2324,0.0243,0.1374,0.296,2.2514,1.7929,0.5721,8.715,54688.2951,692.9668,2184.372,57.7859,8.446858936745488e-05,0.11523780449155882,0.0025950881610269662
015_919,Face2Face,fake,534.0,100.0,100.0,1.0,67.5435,0.2934,66.7993,68.4034,0.8898,0.2144,0.5725,1.5538,0.2589,0.0317,0.1616,0.3179,6.2354,3.7977,1.2144,18.9112,43791.4447,494.3802,1823.3558,57.3196,0.00014593892595361237,0.21390281267394445,0.0058178298261351066
027_009,Face2Face,fake,588.0,100.0,95.0,0.95,143.1421,0.7873,140.5144,145.2869,1.4232,0.596,0.5548,3.2459,0.2882,0.0504,0.154,0.3672,9.8407,8.9865,1.1046,39.6071,86050.0878,924.5233,1762.9877,78.234,0.00012678380580238448,0.1346011600756719,0.006044777609169636
032_944,Face2Face,fake,342.0,68.0,68.0,1.0,103.8572,2.0053,101.4136,110.3938,1.0641,0.9267,0.1126,3.9106,0.2597,0.0458,0.1147,0.3114,8.0903,7.763,1.2577,41.7752,52252.754,2564.6801,1237.6023,70.6205,0.0001892211531773196,0.06666622860747802,0.004656095547549002
033_097,Face2Face,fake,478.0,95.0,95.0,1.0,94.3917,1.4835,91.7941,96.8564,0.5628,0.4506,0.0154,1.9123,0.2623,0.0312,0.1892,0.3531,2.6437,2.3631,0.3504,12.9153,50701.3998,1413.2117,2507.3738,186.545,0.00013419330588347494,0.06070891153346469,0.002567445889947587
035_036,Face2Face,fake,337.0,67.0,67.0,1.0,80.6198,0.5691,79.479,81.8621,0.2993,0.1929,0.0584,1.0477,0.2805,0.0261,0.2249,0.3332,4.0302,3.7628,0.5538,20.2427,51882.4169,154.6426,822.428,12.0075,0.0001514349891044281,0.15683598508020696,0.004905313409092834
036_035,Face2Face,fake,423.0,84.0,84.0,1.0,109.8462,2.7859,105.7158,113.686,1.6047,0.5339,0.6285,3.1936,0.2992,0.0293,0.1924,0.3621,4.976,4.0167,0.6317,15.0937,64943.9118,2263.1211,1018.8945,99.1981,8.613006772696804e-05,0.07978930124116361,0.004400638510792482
044_945,Face2Face,fake,761.0,100.0,100.0,1.0,123.3009,2.3024,116.9229,128.2091,1.1113,0.6483,0.2381,3.3003,0.2973,0.0413,0.1592,0.3406,12.1227,9.3737,1.8333,40.8267,64356.4484,1278.6386,1039.6482,49.0325,8.104912892379787e-05,0.09075402520482674,0.004806590130535809
046_904,Face2Face,fake,359.0,71.0,71.0,1.0,146.7456,0.6033,145.3846,148.2666,0.5568,0.3929,0.0862,1.9064,0.3027,0.0338,0.1611,0.3669,9.2416,7.6302,1.403,33.2891,62521.0355,1037.8954,730.3506,42.8594,0.00010941105490538472,0.05837152526144122,0.00564218369906814
054_071,Face2Face,fake,453.0,90.0,90.0,1.0,67.183,1.3165,65.083,70.5087,0.7496,0.3752,0.1369,1.8277,0.2553,0.0388,0.1482,0.3769,6.5285,4.112,1.1198,21.0081,51683.5092,928.5712,1656.9491,124.1411,0.00011011165285559135,0.07902472665879744,0.008486067336436394
055_147,Face2Face,fake,667.0,100.0,100.0,1.0,75.3638,1.1877,71.8779,78.3235,0.8352,0.7016,0.1308,3.3559,0.2012,0.0419,0.1027,0.3241,5.5576,4.0072,0.9245,20.998,55391.9026,966.7689,1920.5654,77.2651,0.00024808375292718644,0.14544773093855554,0.005608648895862115
060_088,Face2Face,fake,665.0,100.0,100.0,1.0,105.4908,6.4929,94.0984,116.5096,4.1321,2.371,0.7935,10.0999,0.2422,0.0423,0.1439,0.3387,7.0164,4.9428,0.966,22.7489,59491.3859,2504.4055,1985.5668,224.36,0.00019249008967647859,0.2478783339070818,0.0032606859847019412
062_066,Face2Face,fake,435.0,87.0,87.0,1.0,107.1001,2.8443,101.6659,109.5812,0.4251,0.2366,0.112,1.371,0.3249,0.0223,0.2686,0.3781,2.532,1.7864,0.2683,9.3484,55063.0056,1143.8381,691.6669,28.5151,7.482351586871898e-05,0.07429919025082078,0.004196248261307317
066_062,Face2Face,fake,423.0,84.0,84.0,1.0,131.5266,3.0276,128.0281,143.122,2.2523,1.0924,0.7615,5.3895,0.2733,0.0221,0.2166,0.3169,3.9461,2.4561,0.6084,11.5968,62735.2899,3948.8914,1934.1809,78.1269,7.433308378641418e-05,0.06857387262223869,0.0029280144840897306
071_054,Face2Face,fake,368.0,73.0,73.0,1.0,89.8951,10.9515,78.0664,112.3927,2.3838,1.1802,0.6853,5.1912,0.3681,0.0439,0.2432,0.4419,4.5563,3.2552,0.7798,22.68,52454.4472,5498.7395,1054.0895,146.6368,0.00028281549747058025,0.10144141049401952,0.006681851188209185
088_060,Face2Face,fake,844.0,100.0,100.0,1.0,57.848,5.8911,44.5567,70.2742,3.1347,1.0014,1.2397,6.6696,0.3009,0.0364,0.1642,0.3829,3.4002,2.6144,0.7312,14.9331,45849.6186,5321.2186,873.0099,76.2848,0.00021887647574600464,0.08736695124997443,0.003815425772007837
096_101,Face2Face,fake,1148.0,100.0,100.0,1.0,111.8805,0.6342,110.0655,112.8261,0.3229,0.1629,0.0804,0.8867,0.3346,0.0345,0.21,0.4177,5.7187,3.8966,0.9043,18.3531,70577.6192,628.5594,2280.373,89.2942,0.00010907389291609422,0.11716382564483843,0.005818731420409046
097_033,Face2Face,fake,809.0,100.0,99.0,0.99,102.7098,1.2774,94.5278,104.0986,0.8622,0.4705,0.0673,4.0889,0.2517,0.027,0.1803,0.3156,1.842,2.1917,0.2561,14.8085,69579.7429,898.4364,2655.825,61.0451,6.650975462550379e-05,0.032509792940724806,0.0035950803930577305
101_096,Face2Face,fake,504.0,100.0,100.0,1.0,96.2215,0.7584,94.6468,98.6,1.0021,0.3053,0.5926,2.0443,0.3926,0.0433,0.2583,0.4726,5.0226,3.7513,0.6542,20.5224,69165.1127,421.6299,1901.5594,75.2044,0.00026447029246990224,0.11295434349041067,0.004630341198687214
107_109,Face2Face,fake,298.0,59.0,59.0,1.0,123.7421,1.0922,122.4206,129.9161,0.756,0.2036,0.5062,1.5704,0.3059,0.0234,0.2664,0.3679,1.2848,0.7849,0.1973,5.5138,68465.9047,562.492,1474.1721,67.3844,6.833547959704066e-05,0.04622662095008116,0.003477674790731647
109_107,Face2Face,fake,556.0,100.0,100.0,1.0,66.6593,1.2266,63.8485,69.7689,0.5319,0.168,0.1047,1.1424,0.3882,0.0266,0.315,0.459,1.8683,1.7003,0.2475,7.5706,47052.76,1065.1974,1126.7328,45.7366,6.904135193889004e-05,0.04247343544803597,0.0032353259038991836
112_892,Face2Face,fake,311.0,62.0,62.0,1.0,113.8593,3.1699,109.3556,120.055,1.5348,0.628,0.5128,3.5032,0.3089,0.0514,0.1401,0.3701,18.8221,16.2955,6.5237,118.5008,51229.1593,4933.087,1013.5884,324.324,0.00026272871201294805,0.08925058725505633,0.002542445948093039
128_896,Face2Face,fake,531.0,100.0,99.0,0.99,109.8325,1.6343,108.5878,115.4922,0.412,0.4417,0.0449,2.8324,0.2666,0.0354,0.1724,0.4055,3.8799,3.7782,0.501,16.8739,58229.7971,2589.683,2145.9854,128.3853,0.0005036857633824525,0.10345678223761215,0.009697696421935458
134_192,Face2Face,fake,287.0,57.0,57.0,1.0,103.2817,7.1057,88.9772,116.2783,0.5594,0.6133,0.1157,4.4711,0.3236,0.0405,0.143,0.37,4.411,3.964,1.1025,20.8676,53799.3135,5364.707,1978.35,130.106,0.0001236192714660239,0.09929181738196133,0.0028329382481643065
147_055,Face2Face,fake,394.0,78.0,78.0,1.0,185.4035,2.4799,179.7532,187.7517,1.5205,0.9291,0.2703,4.0675,0.2707,0.0274,0.1895,0.3219,6.8964,4.2746,0.9987,18.1906,80588.1771,1309.9513,1440.8055,61.4629,3.216808112140846e-05,0.04904212195259665,0.004826629879618721
150_153,Face2Face,fake,732.0,100.0,100.0,1.0,50.4457,1.0253,48.037,51.6334,0.2653,0.1609,0.0506,1.0518,0.2781,0.0241,0.1884,0.3294,3.3523,2.7442,0.6378,15.2543,39674.4025,757.8217,1560.2317,89.9604,0.00017594803208299145,0.04229665488331402,0.0032901082071214015
153_150,Face2Face,fake,456.0,91.0,91.0,1.0,98.5936,1.1107,95.8789,100.4941,1.018,0.3735,0.3393,2.4345,0.3215,0.053,0.1561,0.4007,4.9797,3.2837,0.8119,16.823,52949.9046,735.438,1289.1507,127.3042,0.00017253181278325527,0.19020235694030524,0.0053634168651725085
159_175,Face2Face,fake,504.0,100.0,100.0,1.0,125.2749,1.3414,122.8297,128.6901,2.147,0.6065,0.8653,3.4796,0.2089,0.021,0.1594,0.2555,5.4215,3.2254,0.8462,15.7088,76779.1512,1559.8952,1547.4975,57.4523,5.787114134542001e-05,0.07622676478969423,0.005641143810037121
168_222,Face2Face,fake,407.0,81.0,81.0,1.0,114.9051,1.0102,112.1444,116.767,0.4021,0.3323,0.073,1.7598,0.3528,0.0538,0.2069,0.4425,2.8379,2.1694,0.5132,9.8327,67685.7467,479.6388,1510.0801,44.4803,0.0002820940327927567,0.13053725338409272,0.002961696915577683
175_159,Face2Face,fake,325.0,65.0,65.0,1.0,117.6055,5.3976,108.0962,126.7861,1.2445,1.1702,0.2499,8.1782,0.2998,0.0285,0.178,0.3682,7.1825,6.5794,0.5842,31.2792,72411.9447,932.3105,935.2951,145.7286,0.00022966451802526933,0.22924498567129098,0.0041645013082215465
178_598,Face2Face,fake,686.0,100.0,100.0,1.0,108.564,0.3305,107.6288,109.4894,0.2584,0.3562,0.0217,3.0976,0.3273,0.039,0.1988,0.4111,3.7954,2.934,0.3712,16.7112,74525.8797,642.085,1191.9797,64.4903,0.0004141156595206936,0.12390900732546203,0.006756441606571561
183_253,Face2Face,fake,501.0,100.0,100.0,1.0,72.13,0.4466,71.0893,72.8538,0.7546,0.2224,0.36,1.7245,0.2981,0.0572,0.18,0.4244,7.9692,5.6043,1.2845,30.2674,53953.6344,450.7251,2040.3792,43.3226,0.0001496108136560758,0.3916363443261299,0.0035194535598451837
189_200,Face2Face,fake,719.0,100.0,100.0,1.0,155.6366,10.705,142.2822,181.7927,0.8955,0.3911,0.301,2.1726,0.3303,0.0346,0.2062,0.4034,4.1707,3.3235,0.5426,15.4189,86302.862,3035.6548,1531.0063,103.3526,0.00021370829089841986,0.14148711266955655,0.004521193766442738
192_134,Face2Face,fake,346.0,69.0,69.0,1.0,98.1629,0.3015,97.6464,98.7524,0.4153,0.295,0.125,1.5269,0.3181,0.0626,0.1338,0.3918,5.0295,3.8443,0.8753,19.2747,58254.9574,317.5136,947.1711,39.9036,0.0003728812710306659,0.16902840313737558,0.0020552095223928314
200_189,Face2Face,fake,512.0,100.0,100.0,1.0,131.7741,1.854,126.8427,135.0046,2.3816,0.3025,1.7627,3.2797,0.2645,0.0336,0.167,0.3204,2.8819,2.1508,0.7825,14.6165,72101.8555,1011.3298,1456.2906,76.907,0.0004104682006081365,0.04645191920941956,0.00510699069238034
206_221,Face2Face,fake,718.0,100.0,100.0,1.0,95.6455,0.6436,94.4225,97.1094,0.2899,0.198,0.0279,1.0334,0.3862,0.0261,0.3159,0.4483,2.8768,1.8299,0.6015,10.3164,73875.142,565.8778,1416.7733,36.8094,0.00023082027574747917,0.05996662804019061,0.011167488951247771
210_241,Face2Face,fake,292.0,58.0,58.0,1.0,90.9186,1.7312,83.856,93.8532,0.5796,0.429,0.1839,2.4561,0.205,0.0284,0.1284,0.2562,2.7538,1.4232,0.7581,7.0849,57381.5052,2220.9127,2007.5369,158.0282,4.039030850502493e-05,0.05525307006230153,0.002569186426460989
221_206,Face2Face,fake,714.0,100.0,100.0,1.0,47.2008,3.7294,45.039,62.9626,0.2396,0.2025,0.0328,1.5379,0.289,0.062,0.1248,0.367,3.1878,2.2136,0.6405,13.7048,39776.53,3932.6982,1534.1747,65.1644,0.00010770075068827322,0.12060812395383702,0.004466550455689128
222_168,Face2Face,fake,1228.0,100.0,100.0,1.0,126.4794,2.5097,117.4468,138.4348,0.6128,0.4361,0.0435,2.4188,0.363,0.0327,0.2334,0.4292,2.8338,2.2647,0.3504,13.1684,61102.6522,1364.2426,1103.5487,44.1333,0.00011539843878137539,0.16124597074084351,0.005558418152915002
228_289,Face2Face,fake,597.0,100.0,100.0,1.0,112.0785,1.6248,110.7311,115.7846,0.1987,0.1026,0.0419,0.5999,0.3579,0.0267,0.2959,0.42,4.3909,3.4211,0.7131,17.6077,63521.1825,1314.6818,1321.3001,118.0447,0.00018893927297462769,0.07090522362744336,0.004788308428404749
241_210,Face2Face,fake,839.0,100.0,100.0,1.0,85.9144,0.7133,85.0922,87.5766,0.6496,0.4708,0.085,2.1689,0.3073,0.0427,0.1713,0.388,6.9246,5.692,0.8458,23.6077,50669.5376,414.5605,1641.3163,46.925,2.601939377128088e-05,0.30820575022899477,0.002857624591732172
246_258,Face2Face,fake,498.0,99.0,99.0,1.0,70.1406,0.807,68.706,72.1651,0.4144,0.225,0.1606,1.3388,0.3299,0.0341,0.2055,0.388,4.5416,4.1043,0.7718,23.1322,49471.6132,1328.389,1511.4573,102.8853,9.110984321820606e-05,0.09246942143889406,0.0019943696988962505
251_375,Face2Face,fake,353.0,70.0,70.0,1.0,77.4585,0.4568,76.4592,78.1171,0.2589,0.1373,0.0677,0.6173,0.3896,0.0452,0.232,0.4521,5.7148,3.5802,1.4512,17.6414,58937.171,377.3537,1270.1049,39.6525,0.000106061152874422,0.0903775661536562,0.00726438954032652
252_266,Face2Face,fake,465.0,93.0,93.0,1.0,155.2986,9.7839,127.4804,173.4355,1.881,1.5451,0.1255,5.5316,0.2489,0.0241,0.1726,0.289,3.4344,2.2969,0.5391,11.7948,72409.0816,3004.6914,2148.6127,198.7419,0.00015824722681225838,0.042272270173493186,0.0030549926611241926
253_183,Face2Face,fake,390.0,78.0,78.0,1.0,206.6937,3.981,201.3384,218.1267,0.4508,0.4935,0.0944,3.533,0.2994,0.0491,0.1339,0.3666,8.8711,23.7069,1.2171,205.2529,98820.9997,2361.6792,1347.9932,233.9903,0.0002955412216389471,0.11380001397756952,0.004233672605455263
254_261,Face2Face,fake,677.0,100.0,100.0,1.0,87.7617,0.7031,86.2094,89.8267,0.4111,0.2427,0.1995,2.4508,0.3581,0.0331,0.2454,0.4563,4.4153,3.4723,0.8118,19.9104,67226.5287,330.5909,1627.0473,40.0714,0.00022647175415456636,0.20953330060255984,0.006208622795798877
257_420,Face2Face,fake,1126.0,100.0,100.0,1.0,96.8535,6.2556,84.814,117.9529,3.2677,2.8688,0.1922,12.1034,0.3231,0.0282,0.2534,0.3692,1.9077,1.4712,0.3002,10.9631,60007.6162,3831.8052,939.2416,131.4081,0.00015916439666977108,0.06731367312325619,0.004214643732633936
258_246,Face2Face,fake,496.0,99.0,99.0,1.0,107.1508,12.0621,81.6382,124.1841,2.7695,1.7832,0.3816,8.7677,0.3259,0.0479,0.2094,0.3948,8.0201,7.3011,1.2745,59.8644,63677.6956,5198.776,1932.9014,194.313,0.00022082371496929382,0.11710561139002618,0.0031266143428623056
261_254,Face2Face,fake,427.0,85.0,85.0,1.0,64.4764,0.2294,63.7983,64.8871,0.391,0.1151,0.2073,0.9118,0.3672,0.0517,0.2275,0.4846,2.6717,1.8743,0.4595,12.3188,47653.938,339.0151,1354.2727,60.0863,4.559817672140896e-05,0.2743116878578082,0.003626867105163575
263_284,Face2Face,fake,483.0,96.0,96.0,1.0,119.7694,2.5773,116.7368,130.8212,1.6358,0.9465,0.1699,3.6907,0.2363,0.0555,0.1435,0.3643,12.6688,9.6819,2.1377,66.3074,60444.932,2549.4973,1049.1381,79.5833,9.728770285870142e-05,0.09394814661991475,0.00222316791976041
264_271,Face2Face,fake,490.0,98.0,98.0,1.0,123.2569,0.766,121.1195,124.532,0.2651,0.2741,0.0484,1.523,0.2992,0.0453,0.1437,0.4006,2.4595,2.057,0.4508,9.3221,78082.5257,379.3301,1976.2994,180.6259,0.000359620876131493,0.05895511364523885,0.003939346295426578
266_252,Face2Face,fake,572.0,100.0,100.0,1.0,84.9297,3.2432,80.5677,92.7632,2.5284,0.904,0.8088,4.3525,0.2484,0.0302,0.1714,0.3158,2.9022,2.4755,0.5721,15.119,47402.7019,2249.1225,1275.6005,59.2189,9.173291601695167e-05,0.07026200228670784,0.004733485660054835
271_264,Face2Face,fake,455.0,91.0,91.0,1.0,130.7522,1.0571,128.2104,132.2731,0.4899,0.2911,0.0986,1.8712,0.3009,0.0269,0.2001,0.3664,2.6594,1.4208,0.4666,7.6212,70695.2432,673.9186,2273.1933,339.9434,0.00021939142503560089,0.0933710082384485,0.005635444524444107
272_396,Face2Face,fake,525.0,100.0,100.0,1.0,144.6613,8.9759,131.3094,168.9331,0.9985,0.7539,0.1881,4.9446,0.2095,0.0706,0.1006,0.3389,5.8614,4.3962,1.1495,21.8032,81941.3648,4636.3135,1419.8504,271.5378,0.00014752989044454284,0.06090035007171174,0.00711777444844912
284_263,Face2Face,fake,300.0,60.0,60.0,1.0,81.6718,2.4583,77.1066,85.7043,1.6996,0.7682,0.3922,3.3536,0.2457,0.0452,0.1271,0.3239,18.6393,13.3649,3.6305,59.5494,44139.0147,1780.1286,1637.4348,143.1218,0.0002162241351490304,0.12599266869469256,0.005055729777913521
288_321,Face2Face,fake,567.0,100.0,100.0,1.0,113.3994,4.3377,109.2716,119.3492,0.3015,0.1887,0.0521,0.9355,0.2975,0.0216,0.2359,0.3602,2.7481,1.9903,0.5807,11.2885,64737.3993,2120.85,1144.6327,122.8095,0.0001873008307415932,0.05812891840479793,0.002888884883985966
289_228,Face2Face,fake,556.0,100.0,100.0,1.0,85.6563,0.6302,83.8589,86.888,0.9697,0.2727,0.4661,1.5668,0.2469,0.0227,0.1438,0.2954,2.3884,1.9399,0.4092,8.8636,50633.7134,685.2202,1317.1712,58.5208,0.00015121419244762836,0.09216688996984475,0.001958297833995055
292_294,Face2Face,fake,604.0,100.0,100.0,1.0,94.2331,3.4345,88.4205,101.4246,0.741,0.3453,0.1185,1.6814,0.317,0.0481,0.1675,0.3825,7.773,5.4831,0.6811,25.7618,65611.1351,1258.0729,1750.7388,108.1502,0.00011460093440685275,0.1698745921345679,0.003062902924475423
294_292,Face2Face,fake,425.0,85.0,85.0,1.0,77.4654,1.4204,75.2884,80.4303,0.6347,0.1567,0.3986,1.2173,0.3257,0.0519,0.1274,0.3969,4.0926,3.2887,0.6233,20.4307,47714.2374,563.6418,1730.2559,112.9057,0.00024345673404755307,0.0765915563062237,0.0036593498751430076
321_288,Face2Face,fake,543.0,100.0,100.0,1.0,89.8249,5.647,83.0496,99.8499,0.6384,0.4777,0.1309,3.5764,0.4369,0.0299,0.3272,0.505,2.6009,2.2589,0.6983,12.1305,64338.0184,5193.474,2199.9671,205.0892,9.314855829285658e-05,0.07505620159077238,0.0025316190391065957
324_356,Face2Face,fake,558.0,100.0,100.0,1.0,91.3059,5.4994,80.5865,110.1421,2.2771,1.0771,0.3882,5.0837,0.2883,0.0298,0.2207,0.3558,5.7462,5.4066,1.0389,36.2602,74189.9098,4458.0252,1105.6288,60.5685,0.00021007332849332883,0.3985638732978873,0.0038819022354905277
337_522,Face2Face,fake,713.0,100.0,100.0,1.0,80.698,1.023,78.625,83.2677,1.3306,0.5046,0.0345,3.2866,0.3193,0.0397,0.203,0.4086,3.3648,2.2899,0.3824,10.3778,60731.1317,787.9978,1557.1706,84.9526,7.238493284047699e-05,0.0593056530293679,0.010909988093618282
339_392,Face2Face,fake,1496.0,100.0,100.0,1.0,74.0325,1.0776,72.4987,77.3118,0.7037,0.5643,0.1181,4.659,0.2224,0.0507,0.0963,0.3142,4.0202,2.4337,1.3013,18.1037,62247.5689,933.1187,808.382,39.0101,0.0001370345932806613,0.09940583181627116,0.004639676064674404
356_324,Face2Face,fake,1249.0,100.0,100.0,1.0,143.5985,9.6426,123.3802,159.6131,1.9508,1.9979,0.682,15.8894,0.2477,0.0336,0.1103,0.3061,4.6991,3.2729,0.7002,17.9365,72005.4395,3394.9062,1798.7851,87.6479,6.940637463374654e-05,0.06594454101669206,0.0024176629374608304
360_437,Face2Face,fake,593.0,100.0,100.0,1.0,100.3423,2.7539,97.474,110.077,0.7895,0.4231,0.2751,2.4189,0.2358,0.076,0.1221,0.3715,13.0161,8.0527,3.3043,36.3521,54829.8162,1789.2795,505.134,42.6831,0.0003016698233097047,0.17782513407323214,0.00512230725390304
361_448,Face2Face,fake,528.0,100.0,100.0,1.0,129.5752,2.5818,123.6428,134.92,2.0688,0.9599,0.4532,4.3035,0.2921,0.0554,0.166,0.4373,20.1814,22.2683,2.0613,142.6543,57226.4791,1924.2325,1688.9189,84.7259,0.0012661652191771333,0.1691579184473798,0.0039350323805382266
375_251,Face2Face,fake,346.0,69.0,69.0,1.0,127.119,11.2989,101.4806,141.9866,1.9458,2.3976,0.5297,13.5445,0.3522,0.041,0.1992,0.4234,6.6251,3.2506,1.5502,14.8239,61542.3702,5519.5614,1421.2003,248.4329,0.00013110340385929123,0.22434120016257628,0.00487827811809818
376_381,Face2Face,fake,578.0,100.0,100.0,1.0,74.04,3.1215,64.0295,77.1078,0.5621,0.626,0.2189,4.581,0.322,0.0445,0.2079,0.4142,3.9644,2.5793,0.857,14.1154,57985.1043,4137.793,1623.3351,123.5238,0.00018719096188206074,0.15459840797380675,0.005973402023602132
381_376,Face2Face,fake,515.0,100.0,100.0,1.0,101.1815,7.663,89.3743,112.4301,1.34,0.5931,0.4661,3.2399,0.3519,0.0246,0.3009,0.4055,4.6315,3.6559,0.6968,17.5226,49026.5304,3146.0972,743.4799,45.5357,0.00011100427026618828,0.1566357728206364,0.004319005163433769
392_339,Face2Face,fake,457.0,91.0,91.0,1.0,55.2436,2.283,50.4072,58.7398,1.2056,0.7781,0.1993,3.4128,0.269,0.0376,0.1571,0.3472,12.4583,10.4595,1.0586,61.146,43923.7703,1804.725,1099.2514,72.7784,0.00024872028701402135,0.1453184367257376,0.004010152129010289
396_272,Face2Face,fake,323.0,64.0,64.0,1.0,57.7517,0.2138,57.2506,58.1031,0.6729,0.1753,0.3932,1.0818,0.3212,0.0257,0.2572,0.3673,5.0836,3.4249,1.1306,15.0291,50096.8363,831.144,1376.7096,34.4831,6.190620698500382e-05,0.038505866373327965,0.005045227528361467
399_488,Face2Face,fake,518.0,100.0,100.0,1.0,157.837,0.5905,156.229,159.2822,0.8982,0.3955,0.2791,2.3521,0.3106,0.0479,0.2056,0.3807,9.0598,6.518,2.3563,36.9232,63888.932,761.2316,842.0159,23.6473,0.00014179989771143588,0.07399265322572805,0.0028182258610992155
420_257,Face2Face,fake,763.0,100.0,100.0,1.0,138.2383,7.0361,124.0622,144.4923,0.758,0.3077,0.3771,2.1553,0.3415,0.0409,0.255,0.4743,1.5292,1.152,0.0735,5.3173,65504.482,3821.4476,1098.4877,156.7133,0.0001248481486328481,0.10195176173475604,0.0035663255540169933
434_438,Face2Face,fake,542.0,100.0,100.0,1.0,39.1814,0.4992,38.0931,40.8089,0.5616,0.3564,0.1295,2.0305,0.2977,0.0443,0.1697,0.3883,5.3488,4.5577,0.7737,30.5167,38023.1137,358.0274,1346.1116,50.465,0.0001824268348327166,0.12349268332074095,0.0025452827966843945
435_456,Face2Face,fake,608.0,100.0,100.0,1.0,69.8315,1.6474,67.5053,74.6842,0.6657,0.5565,0.111,3.0315,0.2788,0.0339,0.196,0.3513,3.8193,2.8652,0.7201,17.4115,48331.7001,1101.6705,1289.1667,188.073,0.000134930314642539,0.08004022433704772,0.003074988200559214
437_360,Face2Face,fake,385.0,77.0,77.0,1.0,128.0842,2.0273,120.6221,137.2059,1.4693,0.6985,0.3854,3.6504,0.2922,0.0382,0.1624,0.3358,9.397,5.9895,2.4553,37.8168,66982.391,1021.8859,1109.902,56.1074,7.474040921810633e-05,0.09438115627629813,0.006479536684485915
438_434,Face2Face,fake,337.0,67.0,67.0,1.0,114.5892,0.7455,113.7408,116.2318,0.508,0.2477,0.0899,1.5198,0.3118,0.0299,0.2324,0.3792,4.4379,2.5919,1.2411,15.4804,51795.1932,1028.6126,1370.5497,55.3647,0.00019694660253594834,0.07573023870293547,0.004348380825528379
439_441,Face2Face,fake,305.0,61.0,61.0,1.0,103.0204,1.9546,99.7363,107.7963,1.0588,0.4575,0.3582,2.5706,0.383,0.0537,0.1912,0.4411,5.0734,3.5919,1.2376,22.9199,66888.7291,800.0603,791.1995,58.7994,0.0001300729599872409,0.04088518115249846,0.0034827440407048365
441_439,Face2Face,fake,462.0,92.0,92.0,1.0,108.264,3.4901,102.3003,115.1715,1.4362,0.8664,0.1368,4.972,0.2516,0.0337,0.1477,0.3036,6.534,4.2099,1.1322,20.4001,77346.3152,1137.1158,748.6622,30.0135,5.9648722698242886e-05,0.07475291291065543,0.002660298651242455
448_361,Face2Face,fake,455.0,91.0,91.0,1.0,87.915,0.3688,86.6545,88.3855,0.7273,0.3652,0.1801,1.7178,0.2165,0.0354,0.1158,0.3417,13.0013,13.2152,3.2862,71.4673,56420.8305,546.492,964.9974,34.3231,0.0011532006127075668,0.24411413742614693,0.0032268716182205456
452_550,Face2Face,fake,444.0,88.0,83.0,0.9432,64.6701,0.6923,61.3782,65.9271,0.9531,0.2945,0.5824,2.0351,0.4144,0.0378,0.3156,0.5468,5.5697,5.0812,0.3945,25.2648,42833.9653,484.5563,1625.8735,70.0115,0.00038313835016917105,0.08058372752279695,0.009075591266219662
456_435,Face2Face,fake,476.0,95.0,95.0,1.0,114.707,14.3308,87.0121,134.2089,1.2604,0.8661,0.5826,5.4184,0.2232,0.0295,0.1061,0.2958,6.5932,3.2649,1.227,17.2919,62249.8414,3222.0861,1726.7396,162.9006,0.0001367108661948791,0.13226896702533886,0.006924665556879057
468_470,Face2Face,fake,905.0,100.0,100.0,1.0,93.7179,2.2563,90.2086,99.8039,0.7384,0.4366,0.2034,2.5363,0.2857,0.0257,0.219,0.33,5.7593,4.1966,1.0868,23.4138,52206.7021,1296.875,860.2283,132.6442,6.314940606503925e-05,0.06127051416445819,0.0033926128503351752
469_481,Face2Face,fake,414.0,82.0,82.0,1.0,118.8799,2.5553,110.93,125.2472,1.9484,1.0434,0.4497,5.4171,0.2247,0.0415,0.1382,0.3035,5.7486,4.73,0.9244,30.221,57239.9794,1782.5977,634.9467,64.7567,0.00018836481142435414,0.07581858107720854,0.004002816894768549
470_468,Face2Face,fake,597.0,100.0,100.0,1.0,55.2333,0.5303,54.2727,56.8714,0.6103,0.3646,0.0867,1.5887,0.3472,0.0339,0.2365,0.4623,8.3982,5.415,1.05,21.9229,47181.2851,984.6539,1539.0763,33.9833,7.669040935108237e-05,0.06747369851643475,0.006259460454213505
479_706,Face2Face,fake,328.0,65.0,65.0,1.0,125.2829,0.4231,124.2525,126.3312,0.7015,0.2468,0.2737,1.5346,0.3207,0.0269,0.1931,0.3855,10.8469,5.1542,3.5999,29.02,73584.085,645.7591,1160.1322,59.2119,0.0001465113466990254,0.10880937006358568,0.003050051346999947
481_469,Face2Face,fake,414.0,82.0,82.0,1.0,69.063,1.9755,65.6093,74.2662,1.8849,0.8225,0.7029,4.0769,0.3291,0.0417,0.1546,0.378,7.2199,6.0163,1.0297,28.6146,63364.3024,2953.7735,1695.0759,171.6394,0.00011241302224390103,0.11892625335173505,0.003588252416629578
488_399,Face2Face,fake,862.0,100.0,100.0,1.0,89.4651,0.8831,87.5984,91.6991,1.1214,0.4208,0.3394,2.5278,0.2104,0.0425,0.0968,0.3105,6.0527,3.1694,1.7805,17.7393,65678.5725,490.867,731.8307,46.8419,7.908157186738993e-05,0.058733616946058206,0.005032488185811964
520_542,Face2Face,fake,320.0,64.0,64.0,1.0,107.5181,0.3584,106.8962,108.638,0.5427,0.2574,0.1097,1.2714,0.3106,0.0535,0.1657,0.3901,9.9702,6.9177,2.3305,40.2697,61326.9959,331.2583,1231.5104,23.4061,0.00027649374089266763,0.18821236338461328,0.00448210253856973
522_337,Face2Face,fake,331.0,66.0,66.0,1.0,78.9857,1.2971,76.0348,81.9737,0.3749,0.3492,0.0098,1.6449,0.2578,0.0536,0.1741,0.4568,1.6995,1.3361,0.321,7.313,48356.4519,2068.3168,1363.6801,64.2378,7.929561541368395e-05,0.057999854170788456,0.002653797870286644
529_633,Face2Face,fake,512.0,100.0,100.0,1.0,88.677,1.9871,81.0969,93.8988,0.7041,0.4221,0.1697,2.0185,0.3359,0.0366,0.183,0.3817,6.9141,6.4943,1.1088,33.0375,52578.199,2323.9777,905.6067,50.1895,0.00016987514991492945,0.12321244483225254,0.009581765680902458
542_520,Face2Face,fake,350.0,70.0,70.0,1.0,81.8989,1.1506,80.6106,84.1391,0.3991,0.2627,0.0653,1.0781,0.3616,0.0593,0.1889,0.4716,6.9139,6.4124,1.13,31.8332,54792.2244,528.431,1595.935,15.8023,0.00022078371210193935,0.08830655107420739,0.00322923421342145
550_452,Face2Face,fake,606.0,100.0,100.0,1.0,128.5977,0.1955,128.2667,129.0727,1.1283,0.353,0.0012,1.9952,0.3595,0.0412,0.2574,0.4536,1.3753,1.146,0.0,5.9942,56996.3691,182.7036,2025.3553,29.4239,7.813795537553675e-05,0.07129865998980464,0.0031172269948911142
554_572,Face2Face,fake,347.0,69.0,69.0,1.0,191.1439,0.3181,189.7727,191.4369,0.3677,0.2709,0.0237,1.0253,0.258,0.0444,0.1664,0.4225,5.3386,2.8977,1.285,14.9707,86300.9743,228.5211,1354.0703,31.0795,6.298270210886222e-05,0.05210585100549665,0.0025667814920001006
556_588,Face2Face,fake,544.0,100.0,100.0,1.0,75.4783,0.5515,73.1074,76.5171,0.6971,0.4637,0.1132,2.5797,0.3014,0.0404,0.1758,0.3701,6.0181,4.8158,0.8206,22.2756,45195.77,652.3875,737.1599,34.0171,6.590975155438361e-05,0.15147694779668797,0.004445601690809358
565_589,Face2Face,fake,686.0,100.0,100.0,1.0,103.1572,4.1385,99.9375,113.8651,0.4735,0.5631,0.1134,3.562,0.2711,0.0273,0.1923,0.3294,3.317,1.8924,0.9936,10.4778,65895.4148,3083.5777,1512.0929,39.8946,9.855272616090844e-05,0.04757450681713892,0.006376406799526255
568_628,Face2Face,fake,895.0,100.0,100.0,1.0,115.6111,2.8015,107.4784,117.3127,0.3993,0.1801,0.1465,1.0377,0.2721,0.0317,0.1623,0.32,2.7433,1.4153,0.5071,7.0974,60493.3359,657.5471,1228.7862,44.3031,9.864361250542442e-05,0.04936502911938877,0.004018323899406127
572_554,Face2Face,fake,828.0,100.0,100.0,1.0,85.589,2.531,73.0532,86.6696,0.8457,0.5819,0.0377,4.1174,0.274,0.0483,0.1364,0.3726,10.2506,7.2136,1.237,29.0922,69816.9338,2283.7521,1881.3871,74.05,0.00014210694777844082,0.07792236846286361,0.0049685729800602076
585_599,Face2Face,fake,398.0,79.0,79.0,1.0,82.2276,1.5846,80.1363,85.9938,0.777,0.8845,0.1864,6.9181,0.2257,0.045,0.0947,0.2988,4.9424,2.4353,1.0336,13.3478,60782.9968,2742.0563,1218.6411,113.5732,0.0002382828524814687,0.037936032329146316,0.003613504958356733
588_556,Face2Face,fake,372.0,74.0,74.0,1.0,102.6883,0.3843,101.8383,103.588,0.6726,0.5501,0.0654,3.18,0.3598,0.0474,0.1886,0.4333,6.7412,4.0056,1.6577,18.9381,61240.6478,686.0936,874.1842,24.8687,7.255661981173931e-05,0.19235183514591686,0.0038517509714018705
589_565,Face2Face,fake,430.0,86.0,86.0,1.0,125.4525,1.2376,124.0947,129.14,0.6078,0.5343,0.0603,2.5037,0.3572,0.033,0.2331,0.4301,4.0459,3.7898,0.501,18.0619,62990.2667,880.2967,1687.34,118.8978,7.687308464850855e-05,0.10605135053975352,0.004329670509332236
596_609,Face2Face,fake,489.0,97.0,97.0,1.0,123.1557,0.4058,122.3635,124.1962,0.7074,0.2326,0.3013,1.5378,0.362,0.0224,0.2442,0.4015,2.258,2.0897,0.4716,11.8914,60212.0124,597.4995,1491.8269,49.1347,0.0001493308291165825,0.061536502594388906,0.004517237341042031
598_178,Face2Face,fake,521.0,100.0,100.0,1.0,141.4667,0.1996,141.0098,141.8082,0.246,0.1648,0.0271,0.8118,0.3762,0.0312,0.2987,0.4407,1.4739,0.8015,0.5208,4.3676,92286.4441,192.9947,1436.4717,22.0363,0.00019962999486784617,0.11893537129893188,0.005064610515203038
599_585,Face2Face,fake,359.0,71.0,71.0,1.0,64.7521,1.6133,61.0606,68.6477,1.4138,0.7574,0.2558,3.1964,0.2462,0.0322,0.1562,0.3246,10.7319,7.9129,2.1857,36.7452,38422.7804,1520.7077,1761.0498,132.5136,9.621947196524425e-05,0.08058570597431468,0.003889742681132221
607_683,Face2Face,fake,302.0,60.0,60.0,1.0,113.5424,1.0694,111.7429,115.5678,0.5714,0.247,0.2029,1.3236,0.297,0.0581,0.1675,0.3643,16.3007,6.9895,5.8194,38.2983,58456.409,623.9537,963.1295,47.4323,0.0002713271693473869,0.1463851370810752,0.002782805727289805
609_596,Face2Face,fake,557.0,100.0,100.0,1.0,98.4471,11.4885,78.7212,115.387,2.6302,1.8704,0.1982,6.9765,0.3308,0.0399,0.2185,0.3976,3.7491,2.4553,0.6517,11.0878,63709.4491,6940.5438,1552.5723,65.8085,0.00015865075508802334,0.07476301648359872,0.0026467196505120523
611_760,Face2Face,fake,306.0,61.0,61.0,1.0,153.9723,1.4007,150.5181,155.4474,0.3255,0.1399,0.0771,0.642,0.2871,0.0274,0.2231,0.3428,2.2187,1.381,0.5988,8.0025,86758.9429,654.2198,1068.5227,56.7475,0.0003025851364250275,0.048607139811669454,0.00855861618743253
614_616,Face2Face,fake,663.0,100.0,100.0,1.0,87.6148,2.2044,79.7865,90.7877,0.5058,0.4498,0.2087,4.2329,0.2786,0.0267,0.188,0.3374,2.6718,2.4777,0.3956,15.4009,68248.2872,1372.6426,1712.5169,95.1185,9.276765521586778e-05,0.07683966251720444,0.0031156474412366735
615_687,Face2Face,fake,469.0,93.0,93.0,1.0,156.4378,1.2349,153.3473,160.4235,0.574,0.3271,0.2209,2.4242,0.3476,0.0317,0.2412,0.3937,5.2541,3.0261,0.973,15.2209,80834.3422,1456.7703,1596.5838,82.0265,0.00021037698260325705,0.08383928604061597,0.002852695862293918
616_614,Face2Face,fake,507.0,100.0,100.0,1.0,82.5402,2.1933,75.7127,88.8461,0.9167,0.8949,0.0591,6.0154,0.2544,0.0229,0.2027,0.3062,4.0211,2.8805,0.6739,13.7382,61901.4847,1087.3534,1337.5394,84.3857,9.678674442300038e-05,0.11194528426848746,0.0030257156139019362
623_630,Face2Face,fake,423.0,84.0,84.0,1.0,72.4161,1.2759,68.5189,75.2505,0.4596,0.24,0.1615,1.3532,0.3972,0.024,0.3453,0.4535,2.409,1.6824,0.3895,12.1088,51950.0399,1445.3018,1937.9737,129.7846,0.0001237233918291961,0.0933829995512477,0.006802745891581923
628_568,Face2Face,fake,570.0,100.0,100.0,1.0,71.237,0.2517,70.5245,71.7696,1.2432,0.3284,0.7431,2.2878,0.3304,0.0269,0.2453,0.3893,3.5786,2.7866,0.5477,13.3359,37198.7107,261.7866,1124.1016,42.2305,2.3903922859065792e-05,0.2346832211538275,0.004926795594805612
630_623,Face2Face,fake,352.0,70.0,70.0,1.0,74.2796,5.4887,66.3943,84.1382,1.939,1.6868,0.053,6.4115,0.302,0.0306,0.228,0.366,2.2575,1.2616,0.7814,6.5948,42491.633,7976.4113,1338.0086,137.065,0.00010045834495275721,0.05817594636006118,0.002348481812597457
633_529,Face2Face,fake,335.0,67.0,67.0,1.0,105.767,1.0033,103.7617,108.0853,0.8655,0.4327,0.2062,2.2707,0.3453,0.0557,0.2031,0.423,7.0454,5.3989,1.667,28.3928,66602.5574,688.9053,1289.5527,43.1135,0.0002540912477140397,0.13365685379412628,0.0042247024470818675
635_642,Face2Face,fake,573.0,100.0,100.0,1.0,101.9455,0.1797,101.6281,102.4726,0.3815,0.1449,0.1651,0.8748,0.2664,0.0352,0.1595,0.337,3.2984,2.2886,0.8561,14.0509,55443.508,277.786,2102.5242,38.3479,5.843141001372793e-05,0.11057044798627587,0.0036468999155984394
642_635,Face2Face,fake,764.0,100.0,100.0,1.0,151.2582,12.1893,131.0487,166.1399,1.8239,0.7045,0.5983,3.4615,0.3687,0.0261,0.3073,0.436,3.3637,2.6754,0.6049,13.8145,61313.2108,1554.0022,909.3354,69.4381,0.00018872378851570847,0.06692693131120263,0.004385830937510409
644_657,Face2Face,fake,546.0,100.0,100.0,1.0,91.3546,0.8169,89.6128,92.9333,1.0348,0.4201,0.2591,3.1343,0.3098,0.0358,0.2134,0.3836,4.5294,3.3709,0.9511,20.2941,52901.7211,824.0954,1595.0099,80.6609,0.00020466329617061972,0.15792146958779568,0.0030268545438956384
645_688,Face2Face,fake,571.0,100.0,100.0,1.0,74.7141,2.2727,69.959,79.2954,1.6543,0.5864,0.4322,3.8224,0.2986,0.065,0.1238,0.3731,16.4255,12.6235,2.1369,85.0715,50934.5596,1550.927,1332.768,68.2016,0.00012744401798922485,0.11253391219153881,0.0050827298180883985
648_654,Face2Face,fake,410.0,82.0,82.0,1.0,72.7041,2.0035,64.1215,73.6178,0.4704,0.5789,0.1831,3.5653,0.3106,0.0272,0.2359,0.3844,2.8851,2.1132,0.5132,10.3975,54970.1925,1975.5982,1615.355,103.9519,0.00013530616901252172,0.1117100409125035,0.0029859212361399313
649_816,Face2Face,fake,411.0,82.0,82.0,1.0,96.9026,0.164,96.5977,97.2946,0.3075,0.2246,0.0564,1.405,0.2923,0.0408,0.1824,0.3442,4.1639,2.5758,0.8568,12.6694,58602.3335,125.024,1174.0885,32.8858,0.00031376910604513945,0.07988182871236595,0.0027803948401579114
651_835,Face2Face,fake,426.0,85.0,85.0,1.0,81.9903,0.4335,80.973,83.2045,1.5012,0.5363,0.5792,3.0883,0.305,0.0563,0.1727,0.4174,11.5557,8.1884,2.2187,38.4521,53344.0634,450.202,1891.6202,71.9808,0.0001410220273060325,0.27368969410499144,0.00303268141898862
654_648,Face2Face,fake,471.0,94.0,94.0,1.0,35.9656,0.2289,35.6161,36.6729,0.3045,0.1231,0.1401,0.9432,0.3018,0.0437,0.2006,0.3907,2.3463,2.1863,0.4473,14.685,32039.3729,311.1034,1200.7011,51.0499,5.5017488478561106e-05,0.06311827400159205,0.014290086476219179
657_644,Face2Face,fake,413.0,82.0,82.0,1.0,130.8602,10.1969,112.1746,141.9253,1.9537,0.8442,0.6409,4.8359,0.3024,0.0384,0.1701,0.3684,7.0076,5.5446,0.9614,27.5458,55148.3281,4550.8588,906.4283,52.4743,8.288829107544329e-05,0.13842910763191227,0.0025833537680797197
661_670,Face2Face,fake,481.0,96.0,96.0,1.0,115.591,5.7098,106.9589,127.1907,1.5651,1.0956,0.3053,6.5417,0.2341,0.0288,0.148,0.3113,5.5163,3.4773,0.8334,19.9923,69802.4792,1876.8791,1880.2952,96.5184,5.677920584935704e-05,0.06588692201559637,0.004687822762963095
664_668,Face2Face,fake,398.0,79.0,79.0,1.0,74.6922,3.9794,69.75,81.181,0.7849,0.412,0.0859,2.1501,0.304,0.0396,0.1819,0.3701,7.2036,4.3039,0.7849,20.1938,69468.5856,3702.1473,1642.004,111.379,0.00012774116827430195,0.1293775858253959,0.0032909299325030246
665_679,Face2Face,fake,416.0,83.0,83.0,1.0,139.8626,0.299,139.3542,140.4213,0.1813,0.11,0.0507,0.55,0.2992,0.034,0.1774,0.3703,2.3908,1.8857,0.7443,10.6246,78857.7354,203.2307,1408.3161,19.3552,0.00010288767125617581,0.06515572808270723,0.0037214916163724695
668_664,Face2Face,fake,293.0,58.0,58.0,1.0,63.751,0.7722,62.434,66.6088,0.8566,0.3591,0.338,2.5675,0.2883,0.0437,0.1795,0.3505,3.7886,2.7461,0.5644,11.9471,43563.5036,639.0048,802.1663,68.3221,0.00030224670069451824,0.06709165200042226,0.0016976855579316004
670_661,Face2Face,fake,513.0,100.0,100.0,1.0,114.8038,2.0749,108.7723,118.812,0.7933,0.4913,0.1536,3.289,0.3437,0.0422,0.1665,0.4223,4.2402,4.1459,0.6551,25.4996,70634.3425,3406.4734,1082.8662,87.3221,0.0004031445469159128,0.06176229973486895,0.0023466676093678567
671_677,Face2Face,fake,314.0,62.0,62.0,1.0,84.8656,1.0723,82.7288,86.9094,1.1421,0.4772,0.3084,2.7732,0.3364,0.0411,0.1993,0.3855,10.4752,7.6072,2.1421,42.9169,48200.9832,1036.7757,1089.7411,37.2488,0.00017470313618634766,0.08062758296470089,0.002810332326937254
672_720,Face2Face,fake,564.0,100.0,100.0,1.0,46.1165,0.2126,45.6119,46.5542,0.227,0.1307,0.0655,0.6508,0.3208,0.0638,0.1441,0.4297,5.0763,4.0676,0.8838,18.9222,43579.1572,213.543,1161.7669,31.489,0.000108819945103004,0.13391849361842253,0.004287773149498527
677_671,Face2Face,fake,343.0,68.0,68.0,1.0,99.2373,0.7161,97.2453,100.9848,0.8008,0.4915,0.1695,3.7054,0.2978,0.0533,0.1484,0.4024,9.9284,7.4772,1.2213,40.44,67497.8034,391.4934,862.524,42.8764,0.00010869321970758508,0.11994957755513784,0.004184862163623257
679_665,Face2Face,fake,324.0,64.0,62.0,0.9688,121.1346,4.344,114.9324,128.74,0.817,0.9674,0.0952,5.1949,0.3437,0.0283,0.2539,0.4022,5.4287,3.7828,1.0308,16.713,68381.9065,1515.9492,1269.8838,46.0966,0.0002152492658501498,0.20859484239724405,0.006327754613850157
683_607,Face2Face,fake,454.0,90.0,90.0,1.0,168.6057,1.9331,164.0844,171.8529,0.8472,0.3266,0.3334,1.9549,0.3215,0.0828,0.1221,0.4123,18.6866,10.9729,3.7882,61.2064,79671.4968,1999.1339,1048.9597,52.5865,0.00027977255856826365,0.34925119637343016,0.002378556286534203
687_615,Face2Face,fake,452.0,90.0,90.0,1.0,112.0144,1.2378,108.1588,116.2289,0.3434,0.2161,0.1582,1.4115,0.3335,0.0289,0.2601,0.3955,3.1876,2.3775,0.5244,12.5733,66671.3757,1684.3752,1617.3763,99.9679,0.00015100932422526864,0.10066803319104978,0.004892203774195253
688_645,Face2Face,fake,554.0,100.0,100.0,1.0,69.2164,1.9821,64.8124,74.6096,0.8123,0.3765,0.1854,1.8367,0.23,0.1051,0.0568,0.3912,10.767,6.3815,2.0104,40.9789,47529.8166,2238.8647,912.4681,48.9961,0.00044854885247136526,0.04683847440296938,0.0034260662430219777
706_479,Face2Face,fake,488.0,97.0,97.0,1.0,115.7537,1.1179,112.2424,117.664,1.3698,0.6417,0.2659,4.2116,0.3561,0.0888,0.135,0.467,20.7349,14.344,4.6157,64.6178,51924.662,1356.5376,1286.6245,49.8751,0.0001728419423983074,0.13727915785215244,0.0024360530970547
712_716,Face2Face,fake,628.0,100.0,100.0,1.0,77.4714,1.4674,67.6088,79.2589,0.6294,0.6866,0.1221,4.8862,0.3311,0.0301,0.2209,0.4017,4.4305,3.3657,0.3945,20.5398,59210.053,1875.2501,1366.6719,66.1487,0.00023168700454955947,0.2560559431809022,0.0038035058598426064
716_712,Face2Face,fake,550.0,100.0,100.0,1.0,102.1107,0.3549,101.4065,103.5057,1.258,0.5003,0.6351,3.5837,0.2768,0.0348,0.1728,0.3327,3.9143,3.1552,0.6947,14.9354,55076.0702,247.6769,1625.995,41.436,0.00010330966507780718,0.12326590890411337,0.003030927385920143
719_737,Face2Face,fake,369.0,73.0,73.0,1.0,135.151,4.0528,128.0645,138.7042,0.3338,0.2865,0.0478,1.6076,0.3319,0.0323,0.2296,0.3868,2.8037,2.2851,0.6578,11.7366,66991.0246,2000.4827,1260.585,101.8023,7.647522625661795e-05,0.07880743778221586,0.005130905159869757
720_672,Face2Face,fake,541.0,100.0,100.0,1.0,124.9016,1.1817,121.4356,127.4123,1.0031,0.5829,0.2727,2.6699,0.3259,0.0454,0.1974,0.3832,7.6857,6.2038,0.9218,34.5391,80578.9956,1550.7089,1331.4863,43.2418,0.00017887467497720348,0.17940072641084925,0.003069778980782575
737_719,Face2Face,fake,402.0,80.0,80.0,1.0,67.4077,2.7585,62.7142,73.4136,1.0336,0.5896,0.2381,3.5032,0.2999,0.0273,0.1891,0.3538,3.4898,2.3855,0.4032,11.1214,44236.2304,964.4982,1009.7085,93.8889,0.0001354058972414871,0.09667444727067577,0.009593814336363155
760_611,Face2Face,fake,645.0,100.0,100.0,1.0,99.0232,1.9053,95.3449,101.9051,1.1958,0.4437,0.3147,2.4199,0.2898,0.0254,0.1966,0.3538,6.217,4.3911,0.6906,19.3073,49003.1993,1384.229,1805.0244,41.5004,0.00021281991843819165,0.0670155604601055,0.00486073170324609
771_849,Face2Face,fake,322.0,64.0,64.0,1.0,127.2196,5.2266,120.3562,133.4599,0.3334,0.3281,0.0327,2.3598,0.3486,0.0353,0.2822,0.4132,2.7731,2.0474,0.6906,8.0688,87118.5153,2328.4606,1490.7794,60.6058,7.65171460258658e-05,0.08902194093985494,0.004746261106726029
779_794,Face2Face,fake,879.0,100.0,100.0,1.0,105.5754,0.7915,104.4912,106.8921,0.254,0.1278,0.0647,0.6401,0.2826,0.0221,0.2224,0.3399,4.618,3.803,0.9376,24.8945,67205.5618,639.3213,1900.4313,45.2042,6.202060551799574e-05,0.023107826869197823,0.004002336311204473
786_819,Face2Face,fake,927.0,100.0,100.0,1.0,82.6406,2.6131,75.2938,88.9059,2.1027,0.8507,0.5902,4.0507,0.3479,0.0282,0.2606,0.4013,21.9457,15.0038,2.7024,68.8684,50844.0198,1225.1115,751.0013,75.9871,8.485917085828682e-05,0.07010439703246994,0.005679672234564553
794_779,Face2Face,fake,306.0,61.0,61.0,1.0,109.0623,17.6735,91.8187,140.7555,1.237,1.0958,0.3426,7.2951,0.3052,0.0534,0.1619,0.3876,5.1172,3.4915,1.1496,19.5887,64374.4159,4887.2057,2096.2231,246.593,0.00016674234708809586,0.12239172236706082,0.005060152280441488
811_920,Face2Face,fake,371.0,74.0,74.0,1.0,84.2571,4.199,79.5583,90.7832,0.6157,0.7096,0.0639,4.8918,0.2491,0.0316,0.1774,0.3259,6.8041,6.3746,1.02,31.0572,54900.8851,3171.3198,1696.5367,54.0405,0.00010087605336597458,0.3030378181360859,0.002302909261011744
816_649,Face2Face,fake,930.0,100.0,100.0,1.0,125.0817,1.3949,119.8677,127.3353,1.066,0.8421,0.2246,4.0743,0.3379,0.052,0.1477,0.4077,6.2674,4.0683,0.9903,28.2769,51024.1252,714.5653,375.3207,49.5987,9.368658334553728e-05,0.07240798910325186,0.0048489654577400865
817_827,Face2Face,fake,311.0,62.0,62.0,1.0,102.1483,0.4865,101.2562,103.9633,0.5737,0.2762,0.0652,1.5795,0.2245,0.0526,0.1054,0.3082,6.639,5.1383,0.6759,19.8428,62897.1542,662.5117,1490.2158,35.009,0.00010966710470493772,0.11995688559154896,0.005182767055119024
819_786,Face2Face,fake,520.0,100.0,100.0,1.0,128.373,0.2202,127.9466,128.8882,0.4387,0.2024,0.0963,1.1094,0.2864,0.038,0.1901,0.3303,6.189,3.1972,1.3694,16.435,71812.3932,177.9156,992.8099,25.419,8.561763856929209e-05,0.04201220253985369,0.00493159398835729
827_817,Face2Face,fake,419.0,83.0,83.0,1.0,100.6934,1.9435,95.4115,103.5184,1.0923,0.7281,0.5698,4.9254,0.4707,0.0417,0.3358,0.5374,1.7608,1.4663,0.3088,6.1272,81879.6887,1113.7389,1759.8358,75.9263,0.00024239424326142692,0.09101717560123206,0.004298082635277455
828_830,Face2Face,fake,511.0,100.0,100.0,1.0,77.9531,0.3642,76.9421,78.6338,0.6295,0.5143,0.0559,2.1108,0.282,0.0258,0.1961,0.3399,2.9574,2.4183,0.5989,14.0948,40908.8398,340.3711,1435.3024,60.0297,9.14938473824982e-05,0.036194515718998864,0.0031328797421403686
830_828,Face2Face,fake,319.0,63.0,63.0,1.0,77.2865,1.5903,74.8998,79.5323,0.4562,0.2599,0.1137,1.2736,0.3373,0.0394,0.2053,0.3982,2.8598,2.6614,0.5756,12.6383,49384.1664,602.9184,1878.5662,28.9212,0.0001003599964764542,0.025242774468019213,0.0140977614024209
834_852,Face2Face,fake,427.0,85.0,85.0,1.0,118.8115,2.071,115.6518,126.0328,0.9431,0.6154,0.0599,2.7146,0.2289,0.0171,0.1942,0.2729,2.8252,1.893,0.5972,7.8418,67485.924,1158.1339,1857.1898,69.1993,5.9339645884938187e-05,0.0492056033089335,0.0026817063035778307
835_651,Face2Face,fake,380.0,76.0,76.0,1.0,66.1627,0.3328,65.1105,66.8227,0.6418,0.2317,0.3587,1.3637,0.3203,0.0259,0.2297,0.3599,7.7036,7.3877,1.3013,31.1045,42953.1943,245.045,2009.8879,83.4802,4.499820844364873e-05,0.14843888005363606,0.002101939877643024
849_771,Face2Face,fake,634.0,100.0,100.0,1.0,85.9537,0.2595,85.4071,86.5573,0.9607,0.2598,0.4696,1.7532,0.2437,0.0352,0.1404,0.3058,2.1879,2.2512,0.3124,12.3121,42738.4857,450.5484,2415.7837,80.0808,7.341561876642773e-05,0.04652460538514851,0.005706364605893569
852_834,Face2Face,fake,303.0,60.0,60.0,1.0,153.4775,0.286,152.8463,154.1487,0.147,0.1162,0.0306,0.579,0.2155,0.0693,0.0732,0.3146,2.7991,2.1995,0.605,8.7834,78828.9688,103.0929,1586.4897,21.1411,0.00019400542837429938,0.0833904120416251,0.002944993679080016
853_863,Face2Face,fake,513.0,100.0,100.0,1.0,116.1378,1.0572,113.9451,118.5239,0.6872,0.3627,0.1107,1.9945,0.2815,0.0668,0.1169,0.3833,8.8517,6.1406,1.2069,28.9524,62491.6749,1078.635,1475.5948,48.4791,0.0002997692449460585,0.29511520009958137,0.003602234818985507
863_853,Face2Face,fake,616.0,100.0,100.0,1.0,177.2058,4.5294,157.7451,181.5891,0.913,0.6757,0.1897,3.2645,0.2902,0.0478,0.1397,0.3487,6.4084,4.3946,1.3566,24.9415,86663.5079,1428.6403,787.6904,62.6046,0.00015160032545156863,0.06602164717597041,0.005402896307242109
866_878,Face2Face,fake,736.0,100.0,100.0,1.0,42.1778,0.5037,41.396,43.5373,0.6148,0.3452,0.1009,1.6367,0.2449,0.0431,0.1448,0.3798,13.2854,10.3035,1.5874,49.4521,29127.1213,896.3875,956.1905,45.5451,0.00016321877534093416,0.24622318170916985,0.0037224632614716057
876_891,Face2Face,fake,296.0,59.0,59.0,1.0,95.1406,0.0454,95.0607,95.2358,0.1015,0.0825,0.0243,0.5467,0.2312,0.0223,0.1596,0.2698,2.4274,1.2742,0.6369,6.9906,60481.9064,64.658,1938.4701,28.3743,6.338172622499288e-05,0.1096000144367365,0.004003312103109221
878_866,Face2Face,fake,509.0,100.0,100.0,1.0,116.1323,1.2894,114.8359,118.6982,0.4896,0.371,0.0734,1.8177,0.3125,0.0546,0.1425,0.43,6.3904,5.0766,1.2075,34.1366,51154.4973,565.7272,894.1179,168.9049,9.547919561854182e-05,0.25819936279540223,0.0023650545800311873
882_952,Face2Face,fake,700.0,100.0,100.0,1.0,183.4738,1.5432,179.7687,185.7659,1.3102,0.4901,0.1519,3.0736,0.3249,0.0357,0.1967,0.3786,12.0378,13.9987,1.8797,93.2254,81213.5091,1419.5208,1423.8,64.4922,0.00012335052166266642,0.1232560599615214,0.0022985981604405135
891_876,Face2Face,fake,313.0,62.0,62.0,1.0,62.6158,0.9431,60.9816,64.6575,0.9321,0.324,0.3061,1.6763,0.2297,0.0497,0.1222,0.3392,15.1109,12.9231,1.1978,68.8988,42689.8175,780.6449,1457.969,90.0625,0.00016809003554202925,0.21881185188840607,0.0071036141378833855
892_112,Face2Face,fake,418.0,83.0,83.0,1.0,104.0751,0.9139,102.5239,106.6275,0.8489,0.2973,0.3523,1.8093,0.3254,0.1007,0.1039,0.4537,18.1432,9.8537,3.2716,54.4796,58389.5146,702.5497,1400.5207,50.0381,0.00013765381923778073,0.11657009492589077,0.005305982002860639
896_128,Face2Face,fake,735.0,100.0,100.0,1.0,111.3418,0.2271,110.6792,111.7926,0.247,0.7566,0.0105,7.5356,0.2759,0.0337,0.1918,0.3636,2.1069,1.6587,0.2181,7.3981,78953.6701,217.7393,1261.6966,39.7199,0.00011530444633277245,0.06106109141536499,0.0035415530198001626
897_969,Face2Face,fake,356.0,71.0,71.0,1.0,90.196,0.59,88.3881,91.3109,0.5432,0.3387,0.0668,1.5496,0.3727,0.0356,0.2852,0.4782,3.9231,3.3479,0.501,16.4689,51389.2557,497.4729,1752.5821,48.3042,0.00013950615250865248,0.11573546243350052,0.00550686829013389
904_046,Face2Face,fake,504.0,100.0,100.0,1.0,53.0672,2.6508,47.3646,58.4785,1.0875,0.3238,0.3663,2.0251,0.284,0.0384,0.1431,0.345,8.4093,5.4562,2.3783,26.576,59606.123,3072.707,1039.9291,94.5247,0.00012746395743450141,0.0496180864025637,0.006879178560846832
917_924,Face2Face,fake,1248.0,100.0,100.0,1.0,103.9894,7.4238,93.8933,115.3519,1.9971,0.7746,0.3018,4.2537,0.3805,0.0407,0.2464,0.453,5.7183,3.2392,1.171,13.9026,54393.1602,3328.0034,699.3125,44.6441,9.639021895047126e-05,0.05831438791332542,0.006480134770934842
919_015,Face2Face,fake,437.0,87.0,87.0,1.0,28.0911,0.9145,26.5187,30.164,0.5606,0.3638,0.0584,1.9609,0.2888,0.0247,0.2189,0.3454,3.6379,2.4762,0.4569,13.7703,28979.206,972.7034,915.522,63.1784,0.000194868098810101,0.07645655830194674,0.004525067957736452
920_811,Face2Face,fake,542.0,100.0,100.0,1.0,110.2309,3.9872,79.7674,113.1437,0.753,0.4656,0.0757,2.6023,0.3109,0.033,0.1777,0.3653,11.2375,7.336,1.3487,39.6396,64518.3822,3224.0386,1534.1007,211.2603,0.0001356498025362633,0.10096345527362785,0.0027935604630488237
924_917,Face2Face,fake,448.0,89.0,89.0,1.0,89.1754,0.3895,87.6425,89.8778,0.4748,0.332,0.1286,2.3606,0.3509,0.031,0.2084,0.3979,2.4272,1.3278,0.6517,7.5296,58880.8122,425.2577,1328.3929,32.7729,4.8819854475120585e-05,0.09213999661251998,0.007028576376980126
938_987,Face2Face,fake,575.0,100.0,100.0,1.0,71.7788,0.9781,70.2824,74.5465,0.7468,0.5062,0.0376,4.5696,0.2893,0.0318,0.1868,0.3569,1.9603,0.974,0.5868,5.1864,40111.7253,890.6579,2014.01,102.9831,2.2776827463454313e-05,0.13700437587358447,0.002830725120049261
942_943,Face2Face,fake,470.0,94.0,94.0,1.0,109.2029,1.6587,101.0181,113.4421,0.5661,0.3605,0.1471,2.2214,0.2869,0.026,0.1457,0.3445,4.7067,3.5841,1.2528,16.3878,57373.4296,1253.4491,1138.8111,103.2642,3.3530233112561175e-05,0.23604789055801706,0.003802646286127891
943_942,Face2Face,fake,495.0,99.0,99.0,1.0,108.1949,0.4689,107.5247,110.2466,0.3722,0.2789,0.0272,1.3353,0.2289,0.035,0.1615,0.3227,8.7956,7.2223,1.1095,31.2376,59605.3727,342.7021,843.2221,57.4397,0.00027155978397871164,0.22373814444462678,0.0037681357703380786
944_032,Face2Face,fake,310.0,62.0,62.0,1.0,75.6406,2.1237,73.379,81.2417,0.4967,0.415,0.0554,1.7953,0.3629,0.0682,0.2046,0.4472,5.8894,6.9345,0.9468,45.3185,46646.7429,791.5937,964.1381,34.839,0.00011677682115685548,0.08453903652848944,0.0036448033014053094
945_044,Face2Face,fake,335.0,67.0,67.0,1.0,101.0797,0.6822,100.0137,102.7391,0.9162,0.6036,0.0555,2.2171,0.2829,0.0349,0.1043,0.354,6.7195,4.689,1.2523,24.6701,53607.2162,616.7831,1347.3181,42.0896,0.0011639477675771542,0.13717864859957685,0.0023972528254010517
947_951,Face2Face,fake,1176.0,100.0,100.0,1.0,79.2773,1.2598,75.9177,80.9911,0.5629,0.3047,0.1328,1.3438,0.3568,0.0538,0.2035,0.4416,3.4803,2.9737,0.8347,15.363,48895.8439,1505.3907,1169.4969,129.597,7.341498633843313e-05,0.0810651842531363,0.004719183977224788
948_965,Face2Face,fake,348.0,69.0,69.0,1.0,79.9257,1.6527,76.8703,83.0035,1.1615,0.5218,0.4306,2.6959,0.3233,0.0465,0.1505,0.3937,13.9933,9.9507,2.6392,70.8584,69543.5289,1316.4902,1195.3758,46.1781,8.052096777601344e-05,0.04760397585163541,0.0034912962502856196
951_947,Face2Face,fake,641.0,100.0,100.0,1.0,64.8035,1.372,62.9966,67.7608,0.5417,0.3654,0.079,2.8787,0.2529,0.0401,0.1444,0.3253,6.5174,5.0788,1.3018,34.2227,56467.1261,2154.6682,1736.4667,76.4334,0.00015570885442519537,0.08463146671236405,0.007869937762863382
952_882,Face2Face,fake,333.0,66.0,66.0,1.0,128.9302,0.9111,126.9658,131.1028,1.1622,0.4982,0.4324,2.3392,0.3293,0.0544,0.1619,0.3883,8.1747,3.5946,2.5752,17.4404,67473.2472,669.4605,660.5908,43.104,0.0002656477414420881,0.03911075129122099,0.003573440747365616
953_974,Face2Face,fake,318.0,63.0,63.0,1.0,108.5228,5.654,100.6211,119.3985,1.4443,1.0541,0.4521,5.7738,0.222,0.022,0.1671,0.2623,8.639,4.9218,1.4846,20.7774,68885.3742,3788.2194,2093.5239,227.1632,9.097389755095288e-05,0.14436585531843174,0.0059836626855009085
960_999,Face2Face,fake,335.0,67.0,67.0,1.0,96.859,0.8504,95.0539,98.2164,0.9117,0.4417,0.2786,1.9131,0.344,0.0543,0.1964,0.4368,9.3262,6.3754,1.558,29.6763,64584.3263,424.3889,1436.0519,85.4523,0.00020207074998474794,0.33508034529448666,0.004721231216665931
965_948,Face2Face,fake,434.0,86.0,86.0,1.0,127.5141,2.6789,117.3049,130.0101,0.6106,0.4682,0.1257,2.1145,0.2576,0.0749,0.1299,0.359,13.646,11.6525,2.1397,50.3916,68240.5516,1466.9132,1478.6415,41.4383,9.642221763545492e-05,0.10140607853066079,0.0054211131173643535
966_988,Face2Face,fake,455.0,91.0,91.0,1.0,97.2213,2.8612,87.77,101.7957,1.3515,1.3632,0.1569,9.4878,0.2502,0.0371,0.1276,0.3102,3.2627,2.2218,0.6566,14.6404,86956.9057,2690.7891,2030.3756,161.1337,5.937421880219981e-05,0.11302358189731734,0.0025277050264194897
969_897,Face2Face,fake,333.0,66.0,66.0,1.0,81.2356,0.5031,80.1823,82.3896,0.8013,0.1871,0.4441,1.1994,0.3724,0.0435,0.2496,0.4527,2.3203,1.4076,0.4752,8.4942,62435.8805,485.0525,1600.0145,42.3663,0.00012256294822276276,0.10204880481141117,0.0038077808060160987
974_953,Face2Face,fake,351.0,70.0,70.0,1.0,91.2342,3.0281,87.5341,96.2596,2.0418,0.7559,0.1729,4.2344,0.2085,0.0285,0.1457,0.2753,9.0813,5.035,1.2193,24.7776,61872.4052,966.1972,1254.9606,88.8754,0.0003222279485282096,0.10691432326799206,0.00525591388826963
980_992,Face2Face,fake,718.0,100.0,100.0,1.0,111.9006,3.4589,106.1951,116.5859,1.0805,0.4476,0.144,3.0364,0.3757,0.0379,0.2723,0.4622,4.3049,4.043,0.5694,19.5815,62648.7856,1198.8564,1393.8005,56.33,0.00015546596834512533,0.051254801649172975,0.0036429188976616436
981_985,Face2Face,fake,343.0,68.0,68.0,1.0,87.9296,1.2366,85.3999,89.9317,1.4454,0.6004,0.6092,4.6313,0.3073,0.0525,0.1459,0.3941,4.6685,3.2708,0.4067,15.3112,54288.0984,1200.7089,1204.3331,40.2279,8.40678267220871e-05,0.09662708211378533,0.005123602175533596
982_004,Face2Face,fake,309.0,61.0,61.0,1.0,138.8791,0.1587,138.592,139.1938,0.3523,0.2392,0.0625,1.0022,0.2749,0.0225,0.2252,0.322,5.4634,3.8863,0.6725,19.6804,68152.3595,199.3155,1945.4736,27.9648,6.266276680571187e-05,0.13054833168815527,0.0038953620409040166
985_981,Face2Face,fake,372.0,74.0,74.0,1.0,102.1366,0.5172,100.2293,104.004,0.5524,0.2635,0.0256,1.7001,0.3184,0.0221,0.246,0.3743,1.984,1.4409,0.3626,7.0372,64341.6932,323.3858,1662.4704,52.7664,5.751569290423342e-05,0.034032913134947954,0.0027694127431661508
986_994,Face2Face,fake,316.0,63.0,63.0,1.0,78.0262,1.9385,69.8932,80.4909,0.5598,0.7414,0.2003,5.5331,0.2999,0.0304,0.2268,0.3441,2.4064,2.317,0.5071,12.0717,56948.4262,2553.3869,1759.9455,171.386,0.0002829266296546587,0.10963090767212473,0.0037608913757248962
987_938,Face2Face,fake,369.0,73.0,73.0,1.0,72.3931,0.5781,71.398,74.1235,0.4389,0.2441,0.1212,1.2841,0.3597,0.0328,0.2408,0.4163,2.595,2.1585,0.5391,9.2343,40477.6732,745.0743,1170.6842,88.0063,5.07021608011044e-05,0.08084999413008902,0.001930790746142174
988_966,Face2Face,fake,364.0,72.0,72.0,1.0,103.529,0.3708,102.7049,104.1929,0.5045,0.466,0.0402,2.7994,0.3848,0.0367,0.303,0.486,4.1118,3.511,0.6309,17.0207,49416.0566,688.382,1790.282,54.656,0.00015290178176592307,0.07487189309002808,0.004364046261734789
990_008,Face2Face,fake,637.0,100.0,100.0,1.0,97.7568,1.0824,95.3133,100.1318,1.1135,0.397,0.6706,2.8132,0.2973,0.0365,0.185,0.4212,2.5135,1.8368,0.4681,8.6841,60193.6566,1077.4517,1977.3927,61.324,0.00013243693102291967,0.10955410272230429,0.005763005953711173
992_980,Face2Face,fake,383.0,76.0,76.0,1.0,74.2052,5.4883,63.2174,84.6643,6.448,1.8698,3.1864,9.9047,0.3632,0.0328,0.2743,0.4268,4.6218,4.1924,0.5176,17.377,47576.836,3749.4151,1731.9537,109.6746,0.00012120351613263023,0.16778108293206584,0.003581380415771269
994_986,Face2Face,fake,828.0,100.0,100.0,1.0,92.929,1.0872,90.872,96.5354,1.2791,0.5127,0.4707,2.8386,0.4079,0.0328,0.2971,0.4804,5.6855,3.5789,1.0769,15.3099,63496.2666,562.7758,1749.983,30.9116,0.00030426677456074484,0.12447774667298073,0.0036550745139031357
999_960,Face2Face,fake,345.0,69.0,68.0,0.9855,78.2308,0.7518,76.2949,80.713,0.5442,0.4111,0.0917,2.024,0.3331,0.0752,0.1888,0.4617,3.8131,2.8089,0.7504,14.1041,47168.2147,664.628,596.6421,36.3627,0.00018541583069819285,0.4116672895775406,0.006038946209388763
004_982,FaceSwap,fake,309.0,61.0,61.0,1.0,56.108,10.6015,44.8843,70.1261,0.6504,0.718,0.1202,4.592,0.2852,0.0286,0.2013,0.3387,9.4472,9.2579,0.9501,40.8333,46425.3572,11449.9453,1649.3126,68.7482,0.0001267171048874163,0.1976042671857896,0.0048795010567203555
008_990,FaceSwap,fake,305.0,61.0,61.0,1.0,117.7063,4.0492,113.7385,125.8962,0.3456,0.314,0.0278,1.1039,0.2874,0.0376,0.2301,0.4058,2.6721,1.7771,0.5513,8.4024,55884.4481,1679.6805,1289.0449,36.5898,0.0001328750683426579,0.11978751044224867,0.0028050473772262977
009_027,FaceSwap,fake,315.0,63.0,63.0,1.0,66.6883,0.3335,65.9187,67.474,0.3112,0.1945,0.1049,0.8435,0.2725,0.0405,0.1336,0.3374,2.9196,1.7043,0.836,9.1031,53727.8106,583.6687,2172.2629,63.975,3.735235565681988e-05,0.10238320783899187,0.003872030079338576
015_919,FaceSwap,fake,437.0,87.0,87.0,1.0,67.4399,0.2649,66.7956,68.2873,0.8496,0.2344,0.4497,1.603,0.29,0.0407,0.2232,0.3769,6.175,3.8223,0.656,19.5375,43594.3125,449.8008,1838.9044,65.0941,0.00013788272436565655,0.20213004314466643,0.00869141766686285
027_009,FaceSwap,fake,315.0,63.0,61.0,0.9683,143.6338,0.7974,140.717,145.6289,1.3548,0.6171,0.6003,3.2981,0.2669,0.0387,0.1901,0.3872,8.585,7.8638,1.2528,38.6807,85824.0378,863.9558,1767.8603,79.8219,0.000245496661773346,0.20514907942872104,0.005836964957692917
032_944,FaceSwap,fake,310.0,62.0,62.0,1.0,103.7821,1.8795,101.4808,110.4875,0.9834,0.8471,0.1459,3.8282,0.3196,0.0589,0.1615,0.414,8.1988,7.1004,2.3888,43.2757,51755.3679,2229.5322,1245.1588,69.5588,0.00019751382013575,0.11079453605025777,0.0038661126026895113
033_097,FaceSwap,fake,478.0,95.0,95.0,1.0,91.9182,1.4773,89.341,94.2796,0.5589,0.4543,0.011,2.0355,0.2678,0.0362,0.2011,0.3731,2.7462,2.4326,0.2916,13.8304,49354.2096,1308.672,2319.6373,178.4224,0.00011105345959098393,0.0661301330052176,0.0032398012531267024
035_036,FaceSwap,fake,337.0,67.0,67.0,1.0,80.691,0.5824,79.5955,81.9388,0.3104,0.2066,0.0873,1.0858,0.338,0.0243,0.2668,0.3885,4.1002,3.8071,0.7784,19.8766,51895.68,169.2487,823.298,12.6994,7.079294324238495e-05,0.16447298367682203,0.004575272388540671
036_035,FaceSwap,fake,337.0,67.0,67.0,1.0,109.0148,2.627,105.4149,113.5517,1.6141,0.5115,0.6424,3.1737,0.2913,0.0295,0.2144,0.3524,5.1766,3.8061,0.8368,13.9159,64389.589,2149.6634,993.0827,96.9714,0.0002857161943780015,0.08879371802077078,0.0032155964489824496
044_945,FaceSwap,fake,335.0,67.0,67.0,1.0,123.2594,2.5542,117.186,128.2046,1.1798,0.6124,0.2422,3.0853,0.2796,0.0395,0.1218,0.3605,13.3208,9.1125,2.5552,34.6058,64674.5721,1375.2679,1041.1201,52.88,0.0005751109030991316,0.09211097847630678,0.004969486516068558
046_904,FaceSwap,fake,359.0,71.0,71.0,1.0,146.5577,0.5995,145.1576,148.1372,0.6079,0.4169,0.0877,1.9817,0.304,0.0423,0.1576,0.3789,9.5542,7.5198,1.7048,34.2187,62586.2025,968.0825,792.2504,53.3986,0.00035699460514708133,0.06128020936596912,0.007372807088687424
054_071,FaceSwap,fake,368.0,73.0,73.0,1.0,67.3919,1.1918,65.1021,70.3548,0.6987,0.336,0.1705,1.6544,0.3418,0.0608,0.1931,0.4309,6.2519,3.8971,0.8569,20.8847,51536.6038,870.2218,1624.1381,102.5631,0.0008149488491986974,0.09428426803721462,0.009769720543378907
055_147,FaceSwap,fake,394.0,78.0,78.0,1.0,75.3516,1.098,71.7807,78.1728,0.8366,0.7044,0.1313,3.209,0.3036,0.0389,0.1997,0.374,5.6069,3.8572,0.8446,20.1935,54814.9851,896.6535,1926.8521,85.924,9.419451196209693e-05,0.10506641421018548,0.00446398877079872
060_088,FaceSwap,fake,665.0,100.0,100.0,1.0,104.0228,6.6606,92.5136,114.9612,4.0078,2.2591,0.7483,9.5466,0.2989,0.0399,0.1645,0.4047,6.9853,5.072,0.8387,23.2317,59107.995,2773.9031,1878.6263,219.1249,0.000302190876372189,0.2305421304738633,0.003977309469162843
062_066,FaceSwap,fake,423.0,84.0,84.0,1.0,107.178,2.7072,101.7545,109.5383,0.4278,0.2579,0.1296,1.5263,0.35,0.0306,0.2423,0.4195,2.7868,1.8183,0.3737,9.6002,54833.5032,1073.3832,702.7253,24.7326,0.00022001676707498636,0.07265136659443386,0.004182123104212447
066_062,FaceSwap,fake,423.0,84.0,84.0,1.0,129.1355,2.949,125.6591,140.3777,2.0835,1.0171,0.7253,5.0908,0.296,0.0211,0.2461,0.344,4.168,2.5614,0.6803,12.1703,63413.4773,3526.8307,1892.4593,82.4821,0.000210865421519125,0.06578943839248688,0.005319245185716089
071_054,FaceSwap,fake,368.0,73.0,73.0,1.0,89.5111,10.8751,77.6413,111.9051,2.3723,1.1394,0.7296,5.4202,0.3233,0.0403,0.2286,0.4138,4.6893,3.3967,1.0558,24.9468,52829.4441,5504.2352,1088.0964,134.9845,0.00015739852952704333,0.09266833908927699,0.004921335877415168
088_060,FaceSwap,fake,665.0,100.0,100.0,1.0,57.8259,5.8886,44.5535,70.1353,3.1331,1.0206,1.2795,6.7761,0.2567,0.0464,0.1562,0.3664,3.7432,2.7471,0.7313,15.9218,45847.9971,5301.9093,878.2347,72.7173,7.041142850302759e-05,0.0795700602101134,0.00484710623521369
096_101,FaceSwap,fake,504.0,100.0,100.0,1.0,111.8654,0.6162,110.0697,112.7716,0.3266,0.1604,0.0791,0.8637,0.3673,0.0375,0.1955,0.4568,5.8915,3.7494,0.9441,16.279,70598.5037,620.699,2280.0666,86.3831,0.00023503337066467953,0.13545307170447088,0.004096355079962233
097_033,FaceSwap,fake,478.0,95.0,95.0,1.0,102.6642,1.3047,94.3825,103.9352,0.8969,0.5761,0.4723,5.1461,0.2449,0.0448,0.1528,0.339,1.7988,1.7116,0.3235,14.1594,69620.1115,897.5565,2657.8191,75.5936,0.00012998282648622823,0.0428610111792918,0.003209564423233342
101_096,FaceSwap,fake,504.0,100.0,100.0,1.0,98.0715,0.742,96.591,100.3099,0.993,0.3013,0.5826,2.0668,0.3461,0.0345,0.2281,0.4353,5.1913,3.8316,0.7288,20.2514,71933.1097,401.2907,1853.0781,88.0361,0.00018890241490438387,0.10099711277372317,0.004325164868788335
107_109,FaceSwap,fake,298.0,59.0,59.0,1.0,123.6432,1.1096,122.2958,129.8562,0.7469,0.2151,0.5278,1.6226,0.3952,0.034,0.3041,0.4618,1.5593,0.8814,0.2855,6.1864,68404.4253,562.2998,1477.1187,71.0059,7.155271504668005e-05,0.06139715355001903,0.0030962029562608363
109_107,FaceSwap,fake,298.0,59.0,59.0,1.0,66.6912,1.2071,63.8869,69.7507,0.5255,0.1603,0.2759,1.1083,0.3294,0.0267,0.2471,0.395,1.8483,1.5929,0.3418,7.884,47055.8572,1041.8938,1124.5935,40.669,5.0803440078531086e-05,0.04486979889752678,0.004972761048684719
112_892,FaceSwap,fake,311.0,62.0,62.0,1.0,113.6144,3.2509,109.0105,119.8188,1.4523,0.6257,0.5524,4.0804,0.2986,0.0919,0.0599,0.4212,20.4567,16.6255,5.9599,115.9847,51248.3816,4950.8116,963.8393,320.2317,0.0002652434703957209,0.09134684708750114,0.0031771468400805507
128_896,FaceSwap,fake,531.0,100.0,97.0,0.97,109.896,1.6372,108.666,115.5713,0.4074,0.4272,0.0431,3.1014,0.2818,0.033,0.2038,0.3629,3.8681,3.7345,0.3382,16.9181,58195.1109,2604.7868,2166.0795,118.6024,0.0003623373288179849,0.10526552518558097,0.00573185433471039
134_192,FaceSwap,fake,287.0,57.0,57.0,1.0,103.2712,7.107,88.9659,116.2256,0.5646,0.6204,0.1117,4.5227,0.3223,0.0539,0.1549,0.4009,4.5321,3.785,1.2346,19.631,53818.5506,5384.0061,1996.6313,127.405,0.0003748994678319818,0.11288819583627574,0.0033044467874158833
147_055,FaceSwap,fake,394.0,78.0,78.0,1.0,185.4313,2.3782,180.0929,187.6647,1.4194,0.854,0.2441,3.7193,0.2207,0.04,0.0894,0.2961,7.0289,4.0819,1.172,18.7502,79788.2758,1326.925,1369.3809,50.9997,7.713430740347224e-05,0.044239055729850534,0.002563616960283269
150_153,FaceSwap,fake,456.0,91.0,91.0,1.0,49.0111,0.9774,46.7058,50.1338,0.2743,0.1695,0.0651,1.0173,0.3272,0.0575,0.1849,0.4353,3.4257,2.7831,0.7774,16.2824,38856.9431,785.8264,1520.3537,157.3578,0.00018104920071467868,0.07433854080507647,0.0037866611030463963
153_150,FaceSwap,fake,456.0,91.0,91.0,1.0,98.6142,1.1245,95.7922,100.5062,1.0045,0.3913,0.3548,2.7838,0.2942,0.0296,0.1885,0.375,5.1357,3.2641,1.2367,18.264,52990.0301,721.368,1267.2852,130.7556,0.00021346235041215056,0.19285641330473197,0.0036567122761765065
159_175,FaceSwap,fake,325.0,65.0,65.0,1.0,124.0302,1.3206,121.6308,127.2575,2.1131,0.5652,0.8714,3.1843,0.2297,0.036,0.1577,0.3058,5.3578,3.2307,1.1288,17.4746,76208.3067,1471.4659,1504.7598,54.9753,0.00013938273856435587,0.05719180205345263,0.005097331247131594
168_222,FaceSwap,fake,407.0,81.0,81.0,1.0,114.8997,0.9731,112.2805,116.7591,0.3948,0.3235,0.0733,1.6484,0.387,0.0257,0.3042,0.4401,2.7384,2.0716,0.5573,9.6092,67780.9858,474.174,1512.3996,59.3676,3.9246580444595597e-05,0.11974294163584569,0.0032099141198368847
175_159,FaceSwap,fake,325.0,65.0,65.0,1.0,117.5969,5.3901,108.0675,126.8385,1.2483,1.223,0.2443,8.7015,0.274,0.0323,0.1854,0.343,7.159,6.4604,1.1186,28.0128,72443.9523,932.7528,931.045,141.7839,0.00018113407852054974,0.2223404091617077,0.0053441756549545425
178_598,FaceSwap,fake,521.0,100.0,100.0,1.0,108.526,0.3558,107.549,109.4744,0.2639,0.3797,0.0226,3.3256,0.366,0.0386,0.2304,0.4377,3.9653,2.9983,0.6083,16.7572,74435.2513,604.2889,1185.7464,54.539,0.00034136539893152767,0.1792984088772919,0.004816922355628921
183_253,FaceSwap,fake,390.0,78.0,76.0,0.9744,72.2791,0.467,71.1096,72.9816,0.7688,0.2598,0.3777,1.895,0.3343,0.0513,0.189,0.4836,8.1655,6.4928,1.3156,28.5877,53950.5302,425.2671,2079.0229,54.7263,0.00018912879267606473,0.35343110272283795,0.003546866014678178
189_200,FaceSwap,fake,512.0,100.0,100.0,1.0,155.5199,10.6839,142.1606,181.4983,0.9079,0.3999,0.2604,2.1109,0.2667,0.0376,0.1539,0.3431,4.4492,3.4105,0.6197,15.8085,86245.8148,3020.1782,1531.8328,105.5958,0.00010987639476113466,0.11651139189047735,0.0028511302817383565
192_134,FaceSwap,fake,287.0,57.0,57.0,1.0,98.2036,0.3539,97.5606,98.8242,0.4284,0.2995,0.1127,1.4407,0.3197,0.0359,0.184,0.3633,5.2752,4.0566,1.2564,19.125,58165.7194,325.783,934.4508,40.3883,0.00024663744248069056,0.15956623927480684,0.005690360082770374
200_189,FaceSwap,fake,512.0,100.0,100.0,1.0,132.0355,1.8231,127.1686,134.9178,2.3723,0.3037,1.7414,3.6746,0.3244,0.044,0.1762,0.4043,3.0503,2.162,0.9331,14.4136,71851.9069,1013.1702,1425.2792,73.8781,0.00019269363805685864,0.0431230263526874,0.003909064181775604
206_221,FaceSwap,fake,714.0,100.0,100.0,1.0,93.53,0.609,92.3725,95.044,0.2825,0.1893,0.0244,1.0067,0.3219,0.0567,0.1578,0.4682,2.8745,1.8473,0.5279,9.5099,71620.8406,311.9295,1459.3052,59.7669,0.000153568615352532,0.07190065374472683,0.0051820835803381106
210_241,FaceSwap,fake,292.0,58.0,58.0,1.0,89.4462,1.7236,82.3149,92.2178,0.6396,0.4203,0.1909,2.3121,0.2834,0.0411,0.1925,0.3557,2.9627,1.5133,1.1516,9.2718,56301.2935,2318.3364,1927.6145,107.8508,6.879336400032163e-05,0.04235406634180947,0.003813165750173981
221_206,FaceSwap,fake,714.0,100.0,100.0,1.0,47.1429,3.7248,44.9151,62.91,0.235,0.1844,0.0234,1.2214,0.358,0.0331,0.2763,0.4376,3.1889,2.3116,0.812,14.8814,39763.0449,3959.4621,1531.4375,65.3961,0.0002608454779476263,0.1341925984399192,0.005351257231755292
222_168,FaceSwap,fake,407.0,81.0,81.0,1.0,126.4982,2.7667,117.3486,138.3252,0.6749,0.4638,0.0807,2.4026,0.3373,0.0438,0.219,0.4438,2.9994,2.1897,0.6317,11.9101,61102.1413,1492.8298,1100.4685,48.348,0.0006144375683017478,0.1438513915186531,0.0044051578527641655
228_289,FaceSwap,fake,556.0,100.0,100.0,1.0,112.719,1.5697,111.2514,116.2588,0.1903,0.0956,0.048,0.5696,0.2968,0.0301,0.1657,0.3556,3.6803,2.305,0.9693,15.2835,63915.2778,1391.7572,1252.7231,122.0579,0.0002818374144551025,0.0570393151110386,0.0035889366673962394
241_210,FaceSwap,fake,292.0,58.0,58.0,1.0,85.9107,0.6883,85.0803,87.4841,0.6367,0.456,0.0764,2.0951,0.2578,0.0387,0.1668,0.3256,6.8391,5.3792,0.8412,22.6959,50319.4385,309.1348,1647.1853,33.856,6.690697573857429e-05,0.27955452701900146,0.002640343364534895
246_258,FaceSwap,fake,496.0,99.0,99.0,1.0,70.1422,0.8161,68.7608,72.2123,0.502,0.2706,0.1646,1.7886,0.3052,0.0671,0.1012,0.3865,4.5787,4.0603,0.726,23.1725,49495.6744,1293.6543,1536.7396,91.5273,0.0001375665579165012,0.07582218917992682,0.003400370203538116
251_375,FaceSwap,fake,346.0,69.0,69.0,1.0,77.5182,0.4931,76.5487,78.1947,0.2653,0.1352,0.0836,0.6062,0.4074,0.0533,0.2201,0.4988,5.9147,3.663,0.9878,17.9891,59053.0803,411.5058,1271.5412,40.7785,0.0002485460894935912,0.0927440231746023,0.008239087662203576
252_266,FaceSwap,fake,465.0,93.0,93.0,1.0,155.1631,9.7747,127.2947,173.2191,1.8879,1.5869,0.1438,5.4776,0.2311,0.0282,0.1598,0.2965,4.5746,2.9567,0.9393,13.1434,72321.9168,3036.1553,2142.7756,201.6849,0.0003566990423286365,0.040935003222777974,0.004347828160271277
253_183,FaceSwap,fake,390.0,78.0,78.0,1.0,206.5037,4.0745,201.2882,218.0187,0.4562,0.6467,0.0773,5.285,0.2408,0.0505,0.1345,0.3309,9.7687,24.0362,1.5696,209.932,97529.7417,2052.0334,1336.2502,237.8015,0.00016162241258598742,0.10632715889028148,0.004508916938304937
254_261,FaceSwap,fake,427.0,85.0,85.0,1.0,87.5967,0.5168,86.1648,89.3143,0.4145,0.2656,0.199,2.5804,0.3419,0.0427,0.2398,0.4434,4.2707,3.1474,0.8941,18.9167,67299.7798,340.0262,1624.5175,46.7173,0.00018368320069025846,0.2087800738458435,0.003945204954941739
257_420,FaceSwap,fake,763.0,100.0,100.0,1.0,95.3465,6.2411,83.3693,116.397,3.2998,2.9887,0.1838,14.3332,0.3254,0.0306,0.2529,0.4105,1.9412,1.4979,0.1912,10.0507,60654.4342,3732.2206,872.1439,130.6634,0.00023222083906853673,0.046176932547005285,0.004129842386727544
258_246,FaceSwap,fake,496.0,99.0,99.0,1.0,106.8868,12.0932,81.153,124.0154,2.7667,1.7415,0.378,7.5189,0.3169,0.0369,0.1791,0.3788,8.1149,7.1135,1.4149,59.7635,63404.6194,5290.4311,1908.793,191.0817,0.00030900380361233317,0.10390850723247458,0.0034220754786106937
261_254,FaceSwap,fake,427.0,85.0,85.0,1.0,63.2361,0.2372,62.4647,63.6741,0.3793,0.1107,0.2152,0.8658,0.3599,0.0381,0.2771,0.4524,2.6951,1.8962,0.5841,12.6077,47850.5496,285.275,1305.6497,47.857,0.00015032318234588723,0.2521961770921852,0.003506056963879412
263_284,FaceSwap,fake,300.0,60.0,60.0,1.0,120.171,2.4967,117.234,131.5441,1.5801,0.9558,0.1673,3.6804,0.2624,0.0441,0.1323,0.3501,12.4582,9.0792,2.0368,47.9749,60173.915,3134.0329,1088.464,79.66,0.00015444537299040981,0.07855911291737334,0.0039756182183265515
264_271,FaceSwap,fake,455.0,91.0,91.0,1.0,122.7384,1.2155,120.5766,131.7565,0.2797,0.4525,0.0338,3.9034,0.3348,0.0371,0.2137,0.4164,2.4591,2.0178,0.5218,10.6885,79087.6309,388.9553,2101.9896,130.4852,0.000705093909340167,0.05129765126071728,0.003144464371846766
266_252,FaceSwap,fake,465.0,93.0,93.0,1.0,83.7349,3.2148,79.6382,92.0639,2.4881,0.9448,0.7747,4.166,0.2608,0.0252,0.2086,0.3152,3.043,2.5496,0.6258,15.2733,46861.3971,2334.3691,1301.3353,64.2509,0.00018063713566157452,0.052801998413383545,0.0029314002415382332
271_264,FaceSwap,fake,455.0,91.0,91.0,1.0,130.6474,1.0683,128.1221,132.244,0.489,0.2882,0.1152,1.8473,0.2739,0.0438,0.1602,0.3612,2.7234,1.4314,0.4802,8.3793,70622.7524,693.7934,2295.4204,344.3684,0.00026452485318625925,0.10161952991077841,0.005059202190738228
272_396,FaceSwap,fake,323.0,64.0,64.0,1.0,146.6346,9.8034,131.2315,168.7942,1.0524,0.8153,0.332,4.9633,0.2967,0.027,0.2212,0.3477,6.017,4.4459,0.8447,22.0814,82273.7753,4288.4031,1382.2398,299.3768,8.698787027061975e-05,0.07073520334008307,0.0055176680217935625
284_263,FaceSwap,fake,300.0,60.0,60.0,1.0,81.4115,2.4499,76.8874,85.403,1.6486,0.7306,0.3886,3.1561,0.2433,0.0487,0.136,0.3879,20.1618,14.7617,5.2182,70.9246,43142.4206,1937.2063,1608.887,147.0374,0.0003687277866416382,0.12681215405956392,0.00489979495638523
288_321,FaceSwap,fake,543.0,100.0,100.0,1.0,113.3931,4.3272,109.2477,119.3712,0.3113,0.1993,0.0515,1.1123,0.356,0.0374,0.1938,0.4325,2.8891,1.9717,0.7113,11.4777,64634.7561,2125.7501,1140.6919,134.8488,8.614924354399178e-05,0.06572809159589939,0.006474024667304046
289_228,FaceSwap,fake,556.0,100.0,100.0,1.0,85.5004,0.652,83.8284,86.7698,1.0121,0.2659,0.5385,1.6194,0.3187,0.0263,0.241,0.3758,2.5856,2.0197,0.4889,9.6835,49840.1618,715.225,1331.8887,66.6277,0.0002544983118062096,0.09703291492382729,0.0034763915707342677
292_294,FaceSwap,fake,425.0,85.0,85.0,1.0,94.7327,3.3004,88.3884,101.2276,0.7893,0.3443,0.1182,1.6784,0.3418,0.0495,0.1488,0.438,8.428,5.2299,0.8598,25.2137,65716.0707,1221.7261,1723.2709,92.3603,0.000719097491836975,0.1461420229522686,0.003271859779527206
294_292,FaceSwap,fake,425.0,85.0,85.0,1.0,77.5277,1.4178,75.3112,80.4956,0.6374,0.1631,0.3775,1.2493,0.315,0.0423,0.1706,0.3837,4.0433,3.3542,0.8239,21.8949,47849.6709,593.1397,1721.1591,107.5305,0.00016123979697114411,0.07672248143143498,0.00413357065708208
321_288,FaceSwap,fake,543.0,100.0,100.0,1.0,89.7069,5.6277,82.9649,99.6602,0.6459,0.4814,0.1653,3.6374,0.3973,0.0332,0.3015,0.4692,2.8639,2.1483,0.8144,13.2652,64206.1411,5275.5136,2209.8194,200.227,0.0003290243662537702,0.07782122773809655,0.0035792875485883163
324_356,FaceSwap,fake,558.0,100.0,100.0,1.0,91.2475,5.5217,80.4578,110.1414,2.2715,1.0976,0.3757,5.207,0.2876,0.0435,0.1737,0.3668,5.4278,5.2495,1.0899,37.296,74205.1468,4451.5588,1078.5086,59.8451,9.928242067324079e-05,0.3796646491812227,0.003496399935914367
337_522,FaceSwap,fake,331.0,66.0,66.0,1.0,80.7492,1.0718,78.6256,83.1301,1.4081,0.5385,0.0669,3.1474,0.2805,0.0322,0.192,0.3456,3.4838,2.1893,0.3565,10.8309,60746.4701,883.0687,1567.8866,77.1504,0.00039924128801406686,0.04666547538742129,0.0068342966649442526
339_392,FaceSwap,fake,457.0,91.0,91.0,1.0,73.4779,0.9392,72.3076,76.7815,0.6424,0.5174,0.1183,4.4144,0.2883,0.0346,0.1201,0.3492,3.7155,2.3148,0.7643,17.5054,61506.5182,715.7049,791.2435,42.0594,0.0002882126888423479,0.09484474703144039,0.006607917982965844
356_324,FaceSwap,fake,558.0,100.0,100.0,1.0,143.5557,9.6345,123.3047,159.5792,1.9016,1.6352,0.6897,10.6473,0.3153,0.0331,0.2289,0.392,5.3523,3.0376,1.3421,17.6162,71934.2118,3385.3743,1797.4226,95.6411,0.0009712357268133284,0.055482460597426154,0.0037084888619164837
360_437,FaceSwap,fake,385.0,77.0,77.0,1.0,99.9251,2.5263,97.3955,110.0382,0.9111,0.4995,0.3372,3.7213,0.2781,0.0451,0.1482,0.3467,11.8064,7.0227,3.1994,31.699,54899.2987,1679.9097,669.2487,52.9116,4.3632891451940666e-05,0.16674887612349898,0.0048289853434898165
361_448,FaceSwap,fake,455.0,91.0,91.0,1.0,129.9418,2.1028,123.7853,134.6011,2.0815,0.9508,0.4497,4.176,0.2426,0.048,0.1073,0.4247,22.4372,22.1212,1.8515,144.2458,57502.8333,1993.6089,1693.6143,81.7588,0.0022577480996749523,0.157626498434633,0.006420241701841752
375_251,FaceSwap,fake,346.0,69.0,69.0,1.0,127.017,11.29,101.3773,141.8599,1.7816,2.3371,0.4485,19.1077,0.3601,0.0332,0.2398,0.4141,7.0085,3.2168,1.3487,15.2134,61409.341,5570.5287,1414.161,244.2726,0.00027152588164224353,0.2010917834195874,0.004519150997476327
376_381,FaceSwap,fake,515.0,100.0,100.0,1.0,74.0423,3.1079,64.0997,77.2003,0.5455,0.5456,0.2046,3.9152,0.3955,0.0335,0.2872,0.4748,4.0047,2.4988,0.9954,15.3679,57970.9543,4095.761,1599.8229,117.9379,0.0003436068053570202,0.13847857787926307,0.002922837935138258
381_376,FaceSwap,fake,515.0,100.0,100.0,1.0,101.0079,7.5941,89.238,112.2787,1.3243,0.5718,0.3916,2.9783,0.2996,0.0501,0.1916,0.4147,4.9768,3.7006,0.9147,16.3717,48215.7092,3247.6731,668.6406,53.7907,0.00031155456915987225,0.15414830272030527,0.00427387542914227
392_339,FaceSwap,fake,457.0,91.0,91.0,1.0,55.3217,2.265,50.5238,58.8965,1.2722,0.8014,0.205,3.0633,0.2453,0.0589,0.1008,0.3663,12.9838,10.1618,1.9005,59.9676,44174.7279,1740.3452,1127.8349,78.6273,0.0006728600769772976,0.13516714895778495,0.004419866067204181
396_272,FaceSwap,fake,323.0,64.0,64.0,1.0,57.7908,0.2182,57.2845,58.1685,0.6842,0.1858,0.3741,1.1869,0.2468,0.0689,0.128,0.3951,5.4571,3.2844,0.578,15.7206,50073.3851,843.7895,1395.0333,35.3117,0.0004746383069706226,0.045716540608659324,0.004418701154499133
399_488,FaceSwap,fake,518.0,100.0,100.0,1.0,157.7363,0.6171,156.0231,159.1738,0.9434,0.4034,0.3134,2.3691,0.26,0.0423,0.1414,0.3726,9.713,6.5171,2.761,36.4735,63893.8483,713.4052,835.8327,26.5942,0.0001766683428254722,0.07892414057758809,0.005907146542869165
420_257,FaceSwap,fake,763.0,100.0,100.0,1.0,136.7559,6.8088,122.9494,143.0397,0.7161,0.2816,0.3392,1.9995,0.3235,0.0367,0.2419,0.446,1.5918,1.1936,0.2622,5.8625,66017.375,3818.3537,1089.5506,153.2531,0.00022654409933515007,0.09168693283695858,0.004427478429220607
434_438,FaceSwap,fake,337.0,67.0,67.0,1.0,38.3135,0.531,37.2998,39.864,0.5923,0.3578,0.1261,2.0479,0.3106,0.0337,0.2226,0.3726,5.7558,4.8352,0.9857,34.0526,37890.7268,408.5831,1492.0135,25.0962,0.0005411588555385357,0.06663457143274333,0.004160208939338019
435_456,FaceSwap,fake,476.0,95.0,95.0,1.0,69.2808,1.6813,66.9458,74.028,0.6223,0.5254,0.1251,3.1691,0.282,0.0348,0.1963,0.3776,3.7866,2.8543,1.0284,16.7833,47782.9611,1203.8401,1291.6289,140.5168,0.0003356334859610876,0.13833730351227197,0.008212377803718189
437_360,FaceSwap,fake,385.0,77.0,77.0,1.0,127.6949,2.0157,120.1938,136.8834,1.3615,0.6484,0.3402,3.5115,0.2466,0.0718,0.1138,0.344,10.2275,5.8604,2.5894,39.0931,66529.2952,1141.9077,1004.2162,39.872,0.00016427973676671223,0.10207810945996128,0.005285585713840155
438_434,FaceSwap,fake,337.0,67.0,67.0,1.0,114.6782,0.7413,113.8271,116.4243,0.5345,0.2541,0.0732,1.501,0.3462,0.0595,0.216,0.45,4.6925,2.5912,0.9202,15.4988,51863.0577,1040.5105,1393.8552,47.2312,0.0004078389774079308,0.07194023143812461,0.0047983385104008935
439_441,FaceSwap,fake,305.0,61.0,61.0,1.0,104.2885,1.9398,100.5039,109.4531,1.2235,0.5213,0.4032,3.2808,0.2914,0.061,0.1712,0.4139,5.0745,3.6029,1.6361,24.6727,68342.6,1014.7964,812.2728,55.9608,0.0001502770242258512,0.05030302349374688,0.002605234744414158
441_439,FaceSwap,fake,305.0,61.0,61.0,1.0,106.6776,3.6497,100.6781,113.8239,1.2644,0.8546,0.0671,4.6756,0.3139,0.0455,0.1751,0.3803,6.1481,4.1774,0.6915,17.7436,75760.5496,1171.0156,725.4145,27.8471,0.0003052806928987786,0.07086352305127509,0.003128002001150309
448_361,FaceSwap,fake,455.0,91.0,88.0,0.967,87.9474,0.4643,86.0544,88.5301,0.7159,0.3592,0.1408,1.6344,0.3053,0.0551,0.1584,0.4333,13.5023,14.2749,2.1115,78.2139,56490.3531,464.713,963.0779,38.3578,0.00026444199461152777,0.2612139361664997,0.0035021094119617865
452_550,FaceSwap,fake,444.0,88.0,85.0,0.9659,64.6608,0.6733,61.4929,65.9372,0.9684,0.3068,0.5669,2.0284,0.3585,0.0308,0.2637,0.4332,5.6055,4.6911,0.6525,29.062,42843.045,490.2021,1652.1176,75.4216,0.0001336891356408912,0.06401979332824803,0.005276816085675044
456_435,FaceSwap,fake,476.0,95.0,95.0,1.0,114.7066,14.3466,86.9011,134.2137,1.2479,0.8662,0.5358,5.4106,0.2567,0.0336,0.1996,0.3462,6.7228,3.2097,1.1665,17.7344,62194.6442,3214.0198,1727.1145,161.973,0.00029810062860602106,0.08504699450866914,0.004598063083339173
468_470,FaceSwap,fake,597.0,100.0,100.0,1.0,91.1405,2.2352,86.8476,97.1614,0.7362,0.4319,0.2061,2.7403,0.3493,0.038,0.1874,0.4159,5.9588,4.2911,1.0566,25.4556,50289.7922,1376.3081,854.8004,125.7284,0.00021091711898031077,0.05213811974655078,0.006966649040058613
469_481,FaceSwap,fake,414.0,82.0,82.0,1.0,118.1702,2.5214,109.9017,124.3399,1.9208,0.9894,0.523,5.0327,0.2749,0.046,0.119,0.369,5.9349,4.7011,1.2164,29.4742,55865.3162,1752.1215,635.8115,55.1863,0.00010801186817645144,0.07709595441569891,0.005031143423734242
470_468,FaceSwap,fake,597.0,100.0,100.0,1.0,55.198,0.524,54.2634,56.826,0.6256,0.3569,0.0891,1.6187,0.2855,0.0336,0.2049,0.3567,8.4897,5.4143,0.8933,22.8981,47060.1673,1033.8869,1610.0313,23.5091,0.00017696424195062774,0.06490603635672589,0.003195920714129821
479_706,FaceSwap,fake,328.0,65.0,65.0,1.0,125.0396,0.4077,123.9992,126.1565,0.7321,0.249,0.2473,1.4925,0.3478,0.0864,0.1569,0.446,13.3456,5.6556,4.4586,30.9715,73029.6125,653.2505,1126.8358,56.7793,0.0003252756479723283,0.11441859985992683,0.0028970313099837513
481_469,FaceSwap,fake,414.0,82.0,82.0,1.0,69.1312,1.9746,65.6665,74.4008,1.8998,0.8228,0.6649,4.2306,0.2943,0.0435,0.2071,0.3663,7.5558,5.9955,1.3199,28.8963,63340.3961,2975.2156,1704.3222,174.9263,0.00010311816359470488,0.11354933954622803,0.006418814880334083
488_399,FaceSwap,fake,518.0,100.0,100.0,1.0,88.4295,0.9316,86.6731,90.6929,1.059,0.4137,0.3286,2.3398,0.3209,0.053,0.1736,0.407,6.79,3.7184,1.6428,19.1688,64794.593,392.4883,744.2546,43.8028,0.00015850471086167794,0.07782327846945702,0.004170579110238801
520_542,FaceSwap,fake,320.0,64.0,64.0,1.0,107.7029,0.3913,107.0496,108.879,0.5169,0.238,0.092,1.0782,0.3447,0.0549,0.198,0.4546,9.8075,6.7949,2.6433,41.7102,61716.9313,257.6458,1205.2053,21.3086,0.00048662381650911704,0.19938182676515043,0.005105389158171854
522_337,FaceSwap,fake,331.0,66.0,66.0,1.0,78.4435,1.2497,75.5792,81.3566,0.3551,0.3232,0.0093,1.4907,0.2617,0.0429,0.1596,0.3523,1.7447,1.3576,0.3712,7.0636,47841.8208,1665.7515,1393.6509,74.9848,0.00014642260794440714,0.06853799811258449,0.002774333616538019
529_633,FaceSwap,fake,335.0,67.0,67.0,1.0,88.8223,2.3594,80.9817,94.3492,0.7663,0.4169,0.1814,2.0378,0.3003,0.0646,0.1381,0.3691,8.1796,5.7859,2.1817,29.7536,52513.6535,2600.6767,920.13,52.3145,0.0003629322502422007,0.16058899427343296,0.005854934984567671
542_520,FaceSwap,fake,320.0,64.0,64.0,1.0,81.568,1.0816,80.563,84.4569,0.4601,0.4872,0.0629,3.543,0.3371,0.0579,0.1634,0.434,7.2572,6.8103,1.139,35.2686,54374.0628,561.7539,1593.6941,18.3914,0.000694923711518225,0.09319015888176883,0.004280431078711477
550_452,FaceSwap,fake,444.0,88.0,88.0,1.0,128.5168,0.2073,128.1346,129.0042,1.1218,0.3614,0.0007,1.9224,0.4221,0.0503,0.2993,0.5303,1.3475,1.0469,0.0,5.7135,56963.4507,165.9802,2022.1155,25.1516,0.00017308062534143374,0.06327757933256158,0.0025805531260122217
554_572,FaceSwap,fake,347.0,69.0,69.0,1.0,191.1082,0.3163,189.7644,191.3983,0.3759,0.2733,0.039,1.0809,0.2832,0.0594,0.1224,0.3976,5.5812,3.4418,1.3187,20.0007,86360.7801,204.933,1362.9549,27.8207,9.838929974519122e-05,0.06343052007583984,0.0026043524559687514
556_588,FaceSwap,fake,372.0,74.0,74.0,1.0,75.572,0.596,73.131,76.5899,0.7525,0.4811,0.1644,2.5023,0.343,0.0408,0.2194,0.4093,6.5809,5.0713,0.9234,22.0602,45184.1451,621.325,722.8455,28.7213,0.00010347530009984403,0.1354540811036798,0.002092221600242917
565_589,FaceSwap,fake,430.0,86.0,86.0,1.0,104.209,4.31,100.8116,114.4701,0.4618,0.5688,0.0792,3.3065,0.4178,0.0333,0.258,0.5,2.9939,1.5434,1.0775,9.0578,65729.7321,3545.4792,1429.214,38.7911,0.00020057518611977612,0.05043333259698253,0.004466080021339822
568_628,FaceSwap,fake,570.0,100.0,100.0,1.0,115.6008,2.8133,107.3937,117.3715,0.4137,0.1813,0.1472,1.1197,0.348,0.0336,0.2295,0.43,2.9915,1.3892,0.863,6.7616,60672.6496,654.8809,1242.0818,41.2367,0.00010390356683177231,0.0864563237947574,0.0025502976616645825
572_554,FaceSwap,fake,347.0,69.0,69.0,1.0,85.4068,3.0304,73.0463,86.6534,0.8755,0.5749,0.1571,4.0466,0.2868,0.0572,0.1545,0.4502,10.7327,7.1698,1.6653,30.3371,69551.5677,2650.6538,1870.5602,85.706,0.00024454885654575867,0.11247305396307436,0.004098899747385688
585_599,FaceSwap,fake,359.0,71.0,71.0,1.0,82.1992,1.5255,79.9105,85.72,0.7098,0.4939,0.1943,3.3738,0.2328,0.0337,0.1315,0.2855,5.0128,2.3129,1.6869,11.8356,60757.8813,2728.7289,1197.5797,105.412,7.090284653117497e-05,0.033829371550180905,0.0028475963107326614
588_556,FaceSwap,fake,372.0,74.0,74.0,1.0,102.8098,0.4244,101.9348,103.8361,0.7099,0.5651,0.0587,3.3249,0.3172,0.0459,0.1668,0.4058,7.1199,4.0681,1.0337,18.7056,60966.3522,556.9555,862.24,26.4442,4.046844610888976e-05,0.19508477250313028,0.00663846561504763
589_565,FaceSwap,fake,430.0,86.0,86.0,1.0,125.3217,1.2864,123.8499,129.2051,0.6072,0.5305,0.0442,2.6342,0.2566,0.038,0.1685,0.3756,4.1845,3.8468,0.5425,18.9115,62881.8777,875.0277,1679.8183,120.0496,0.00017640572148258977,0.10571211447782039,0.0044117013107773115
596_609,FaceSwap,fake,489.0,97.0,97.0,1.0,123.2829,0.4327,122.359,124.4615,0.7452,0.2297,0.387,1.5823,0.3104,0.0339,0.2114,0.3879,2.4681,2.2127,0.5745,12.6709,60452.424,622.0206,1488.1952,51.0811,0.000373295382029906,0.07649498809507538,0.008652924326206917
598_178,FaceSwap,fake,521.0,100.0,100.0,1.0,141.4671,0.198,141.0423,141.7897,0.5769,2.3399,0.0241,20.4045,0.3282,0.0401,0.2091,0.4214,1.5426,0.8665,0.3357,4.7139,92270.0242,208.4021,1433.6305,31.2478,0.00022512014495291608,0.11935677481591304,0.0046569738094380635
599_585,FaceSwap,fake,359.0,71.0,71.0,1.0,64.9716,1.6076,61.2236,68.8109,1.4913,0.8105,0.2737,3.406,0.2504,0.0427,0.1475,0.3161,11.0635,7.6383,2.6963,41.925,38923.1342,1490.5921,1785.2247,131.3249,0.0004502282568332602,0.08691569018800775,0.00454066350809108
607_683,FaceSwap,fake,302.0,60.0,60.0,1.0,113.9935,0.9734,112.0229,115.5888,0.7164,0.2664,0.2595,1.4996,0.362,0.1024,0.1479,0.4682,15.7569,7.4694,6.4003,43.1531,57778.3709,511.0942,999.0793,52.2525,9.897625278900252e-05,0.1930349083646666,0.003260397408638303
609_596,FaceSwap,fake,489.0,97.0,97.0,1.0,97.7154,11.4312,76.9608,114.1676,2.632,1.7863,0.2667,6.938,0.3507,0.0267,0.2885,0.4107,3.875,2.4699,0.9278,11.1039,63181.2919,7091.3196,1552.5252,68.9665,0.00018509884134223237,0.08086650436248359,0.00434207089838332
611_760,FaceSwap,fake,306.0,61.0,61.0,1.0,153.767,1.3897,150.3263,155.2139,0.3288,0.1394,0.0599,0.6363,0.253,0.0295,0.1664,0.2975,2.0821,1.2062,0.4534,6.6444,85977.9561,684.661,1039.5179,54.2239,0.00012913670222615818,0.04809838078885374,0.0065878352272452576
614_616,FaceSwap,fake,507.0,100.0,100.0,1.0,87.6301,2.2179,79.7048,90.8125,0.5314,0.5271,0.2027,4.2898,0.2837,0.0217,0.2237,0.3498,2.7961,2.3944,0.6223,15.6147,68301.7399,1378.3004,1693.6295,102.5447,0.00027491514780468253,0.09669975600343919,0.0023934382249030943
615_687,FaceSwap,fake,452.0,90.0,90.0,1.0,156.5281,1.278,153.3771,160.6128,0.6115,0.3647,0.2499,2.613,0.3617,0.0345,0.2555,0.4306,5.2786,2.7968,1.6888,15.1153,80845.4468,1504.6002,1587.1761,76.2245,0.00030152853418497627,0.0797739033714735,0.003315975842897206
616_614,FaceSwap,fake,507.0,100.0,100.0,1.0,82.4933,2.1986,75.7553,88.7962,0.9195,0.8754,0.0648,5.7771,0.3001,0.033,0.2284,0.4108,4.1332,2.7605,0.7349,13.5255,61986.1254,1057.2886,1358.5749,96.7039,0.00013423784846806162,0.10416205309012225,0.0043686691178972835
623_630,FaceSwap,fake,352.0,70.0,70.0,1.0,72.3093,1.3862,68.5069,75.2527,0.4685,0.2511,0.1546,1.3841,0.3296,0.0322,0.2414,0.4193,2.6519,1.6342,0.8033,11.7281,51733.3143,1494.4335,1895.3434,138.0618,0.00028911582857201655,0.10425810070968784,0.005987722725245295
628_568,FaceSwap,fake,570.0,100.0,100.0,1.0,71.1969,0.2163,70.5171,71.845,1.2117,0.3122,0.6709,2.2486,0.2922,0.0289,0.1852,0.3388,3.594,2.8392,0.5365,14.2175,37105.9231,253.9178,1101.2565,45.3249,8.714949067658078e-05,0.2213044009770853,0.0036779777027134003
630_623,FaceSwap,fake,352.0,70.0,70.0,1.0,74.2992,5.4676,66.5862,84.1974,1.9357,1.6757,0.0328,6.4,0.3527,0.0202,0.3141,0.3979,2.2773,1.3445,0.2647,6.8017,42538.0973,7927.8286,1358.0655,141.6082,9.667286782932365e-05,0.0522901890501668,0.003930102298321886
633_529,FaceSwap,fake,335.0,67.0,67.0,1.0,106.0004,1.0142,103.853,108.2696,0.8381,0.4254,0.2008,2.2684,0.3775,0.0403,0.2445,0.4829,6.9952,5.4534,1.8327,28.4973,66805.144,683.4799,1276.3271,42.4619,0.00013101954484667558,0.13986853655627857,0.0030880686663316073
635_642,FaceSwap,fake,573.0,100.0,100.0,1.0,99.4279,0.1803,99.0928,99.9315,0.374,0.1421,0.1615,0.8379,0.3933,0.0332,0.2932,0.4727,3.5616,2.2801,0.7531,14.5581,54556.4032,426.2888,1885.3863,56.5931,0.0002790890485999187,0.11519397052710775,0.0032089943270837027
642_635,FaceSwap,fake,573.0,100.0,100.0,1.0,151.0713,12.2835,130.9017,166.1137,1.8195,0.6885,0.7137,3.4437,0.2811,0.0415,0.1446,0.3727,3.4262,2.67,0.5416,13.0561,61013.8811,1730.5426,854.1125,57.1686,0.00018714816782356138,0.08195164986848988,0.0040490752059252075
644_657,FaceSwap,fake,413.0,82.0,82.0,1.0,90.482,0.8223,88.867,91.7907,0.984,0.3441,0.4717,2.9502,0.3301,0.0367,0.2445,0.4545,4.5881,3.1821,0.8951,19.3594,52316.7365,692.6259,1633.4842,67.2804,0.0003240100822299191,0.14413144869443933,0.003742692989294554
645_688,FaceSwap,fake,554.0,100.0,100.0,1.0,74.7481,2.2694,69.9445,79.3959,1.6552,0.5722,0.4712,3.67,0.2506,0.1061,0.0433,0.4249,18.3816,12.4309,4.2328,86.1849,50995.9272,1557.8184,1329.4227,67.6978,0.0009541582955014401,0.16305613731484808,0.005267971521198788
648_654,FaceSwap,fake,410.0,82.0,82.0,1.0,72.6923,2.0093,64.0958,73.5691,0.4962,0.7557,0.1573,5.2391,0.358,0.0633,0.1992,0.4422,2.8937,1.9507,0.6273,9.2017,54991.2022,1976.8958,1627.2344,104.2853,0.00024104380650023915,0.11817334814416929,0.004581083496324536
649_816,FaceSwap,fake,411.0,82.0,82.0,1.0,96.9425,0.1615,96.6186,97.3908,0.3164,0.2248,0.0707,1.4049,0.2656,0.0345,0.1552,0.3192,4.7089,2.5641,1.1859,12.7507,58621.684,128.3511,1161.4441,20.9502,0.0001796969591529707,0.08143993701272226,0.002919980659555912
651_835,FaceSwap,fake,380.0,76.0,76.0,1.0,81.9361,0.4759,80.8622,83.2233,1.5191,0.509,0.6222,2.9468,0.3399,0.0308,0.2664,0.3886,11.5675,7.7797,2.2972,35.7314,53279.3555,494.1413,1900.9587,70.4319,0.00014315630060494447,0.277274385299899,0.0033411311071578752
654_648,FaceSwap,fake,410.0,82.0,82.0,1.0,36.0286,0.2573,35.6697,36.7623,0.306,0.1283,0.1552,0.9917,0.2795,0.0293,0.1813,0.3345,2.3221,2.1617,0.5502,14.6286,32072.5514,327.8766,1186.0841,52.8494,5.721562545488184e-05,0.07739368640683363,0.004351621650119825
657_644,FaceSwap,fake,413.0,82.0,82.0,1.0,131.2823,10.3486,112.1007,142.6483,1.9444,0.7804,0.7368,4.553,0.2968,0.0326,0.19,0.3605,7.0274,5.687,1.0357,27.6998,55205.7846,4623.0652,855.8385,45.5639,0.00010264563968690939,0.13497993607933476,0.0034896524363096184
661_670,FaceSwap,fake,481.0,96.0,96.0,1.0,115.555,5.7039,106.9368,127.2381,1.5985,1.1104,0.3352,6.6333,0.2991,0.0413,0.1763,0.3988,5.5139,3.3854,1.2005,19.6158,69933.0168,1815.7409,1882.5243,107.101,0.0005200254269579055,0.0739347012510502,0.003749090210480008
664_668,FaceSwap,fake,293.0,58.0,58.0,1.0,75.9099,3.9467,69.8073,81.2247,0.8384,0.4367,0.1814,2.035,0.2949,0.0369,0.2006,0.3563,7.6771,4.752,1.0238,19.6959,70584.9597,3625.047,1656.6436,106.7124,0.0011000753853773085,0.14333765445265906,0.002460197069325752
665_679,FaceSwap,fake,324.0,64.0,64.0,1.0,139.673,0.2702,139.2048,140.2712,0.2021,0.1125,0.0609,0.5678,0.3199,0.0423,0.2047,0.3986,2.9293,1.9219,0.5461,10.934,78894.5632,125.6989,1416.4092,14.0705,0.00022031848017371866,0.07413232739091517,0.003757057524342155
668_664,FaceSwap,fake,293.0,58.0,58.0,1.0,63.2569,0.7746,61.8677,65.9647,0.8728,0.3498,0.4012,2.3279,0.3015,0.0457,0.1797,0.3766,4.2259,2.5313,0.6796,11.9468,42705.9991,560.9531,842.1301,42.9929,0.0005644598686840458,0.051336483098276396,0.004565318829105902
670_661,FaceSwap,fake,481.0,96.0,96.0,1.0,114.8621,2.0938,108.8764,118.8597,0.8038,0.5106,0.1726,3.2346,0.272,0.0309,0.1747,0.3368,4.4011,4.3442,0.7287,26.7965,70480.2525,3407.3616,1085.3588,95.6126,9.654602890449449e-05,0.046551421608408194,0.002971134007992175
671_677,FaceSwap,fake,314.0,62.0,62.0,1.0,84.6568,1.0847,82.251,86.5051,1.2208,0.5139,0.3848,2.9739,0.2849,0.0529,0.1391,0.3717,11.2395,7.5568,3.2366,44.7908,47227.6653,1068.1494,1058.6315,26.6471,0.00014470964793693054,0.0647472792010764,0.0031767262199049397
672_720,FaceSwap,fake,541.0,100.0,100.0,1.0,45.993,0.2399,45.4721,46.4984,0.2352,0.1378,0.0728,0.6717,0.3104,0.0438,0.1687,0.3957,5.2015,3.997,1.5668,20.4926,43473.8049,210.4869,1151.1686,34.5131,0.00016498479052126972,0.13989462187681814,0.0024593090607408293
677_671,FaceSwap,fake,314.0,62.0,62.0,1.0,99.5015,0.7242,97.7104,101.3105,0.7901,0.5065,0.1722,3.8677,0.3282,0.0473,0.1866,0.4094,10.5575,7.6722,1.5735,37.6779,66800.2897,436.7656,869.3076,42.449,0.00023501242492621733,0.12780397306866675,0.0025359896998639695
679_665,FaceSwap,fake,324.0,64.0,64.0,1.0,122.5293,4.231,116.4696,129.952,0.7643,0.8329,0.0955,4.8878,0.2828,0.0403,0.1711,0.3667,5.7032,4.3084,0.9116,20.2884,68513.3064,1446.0601,1349.3883,42.3031,0.0001054897020592133,0.18697971758490703,0.006690322878560832
683_607,FaceSwap,fake,302.0,60.0,60.0,1.0,168.3891,1.7988,163.6692,171.2777,0.7372,0.2938,0.2537,1.8976,0.3008,0.0554,0.1716,0.4103,18.0081,9.5938,6.1932,60.3755,79639.5307,1789.0348,1028.731,56.1696,0.00028923739116712806,0.26240954867629396,0.004652721491516539
687_615,FaceSwap,fake,452.0,90.0,90.0,1.0,111.9148,1.2315,108.2484,116.1768,0.3341,0.1949,0.1521,1.3441,0.312,0.0413,0.1883,0.3997,3.1174,2.2034,0.9428,11.4016,66795.6943,1665.2237,1633.5243,110.364,0.00022147391912925892,0.09750024789432804,0.0033664324036148194
688_645,FaceSwap,fake,554.0,100.0,100.0,1.0,69.0459,1.9339,64.567,74.1147,0.8184,0.3632,0.2,1.8001,0.3146,0.0772,0.1208,0.4126,9.9385,5.8067,2.5087,34.4901,47265.1504,2343.5318,893.6975,49.9809,0.00017198507211426097,0.043023261280142985,0.004168424171460728
706_479,FaceSwap,fake,328.0,65.0,65.0,1.0,115.8038,1.1571,112.3632,117.7393,1.4801,0.678,0.3582,4.2262,0.3455,0.0321,0.2048,0.4089,22.6543,15.0993,5.8756,63.2718,51783.5554,1337.3546,1294.4255,54.9171,0.00025307579321145394,0.09419873737098688,0.00435681055733878
712_716,FaceSwap,fake,550.0,100.0,100.0,1.0,77.4492,1.4739,67.5855,79.2278,0.6486,0.7044,0.1206,4.8541,0.2902,0.0298,0.1864,0.3614,4.5682,3.3359,1.0212,19.6868,59225.3327,1890.2017,1380.9547,63.8136,0.00013294288254258712,0.21761590083716711,0.00517928647193403
716_712,FaceSwap,fake,550.0,100.0,100.0,1.0,102.1847,0.3589,101.4403,103.5521,1.2952,0.4855,0.6628,3.5958,0.3195,0.0263,0.2509,0.3826,3.9904,3.1746,0.8291,15.4117,54964.5291,250.346,1559.192,35.6496,8.145639511040937e-05,0.16272179896595534,0.0031668797053200966
719_737,FaceSwap,fake,369.0,73.0,73.0,1.0,135.1421,4.0506,128.0301,138.73,0.3367,0.2787,0.0511,1.8082,0.3345,0.0348,0.2296,0.4007,2.9844,2.2462,0.638,12.0735,67098.6879,1986.5073,1293.5959,102.2709,6.160951956296546e-05,0.08970428801654588,0.004610862993426577
720_672,FaceSwap,fake,541.0,100.0,100.0,1.0,125.4417,1.2113,121.7968,127.9471,0.9576,0.5434,0.2866,2.6405,0.3547,0.068,0.1679,0.5007,8.0126,6.2171,1.6565,34.4039,80792.1679,1387.146,1263.8529,35.8012,0.0003116280650235121,0.19856702155675668,0.003838456353516804
737_719,FaceSwap,fake,369.0,73.0,73.0,1.0,67.3743,2.7759,62.74,73.2045,1.0322,0.6048,0.2286,3.6296,0.3028,0.0268,0.2316,0.3855,3.2119,2.1223,0.464,10.9749,44077.0523,965.4938,1008.0078,94.017,0.00020069415752967706,0.07908273345503579,0.009652945022401306
760_611,FaceSwap,fake,306.0,61.0,61.0,1.0,98.233,2.1137,94.7018,101.7495,1.2546,0.4657,0.492,2.4718,0.3003,0.0527,0.1635,0.3834,6.7194,4.0916,1.4961,19.177,48467.1475,1207.0572,1738.2704,50.4487,0.0007206008363472815,0.0789173262901419,0.005231181197160926
771_849,FaceSwap,fake,322.0,64.0,64.0,1.0,124.4958,5.1056,117.7922,130.6198,0.3164,0.2761,0.029,1.8239,0.3031,0.052,0.1496,0.4051,2.9896,1.9734,0.7546,8.6738,86691.5724,1907.3447,1530.0546,44.6551,8.564685915490396e-05,0.10022454206775189,0.0038061019143009905
779_794,FaceSwap,fake,306.0,61.0,61.0,1.0,105.6432,0.8187,104.6017,106.9487,0.2649,0.1342,0.0839,0.6975,0.2924,0.0403,0.1748,0.3551,4.5704,3.6742,1.2602,25.2908,67243.4509,615.9106,1890.176,41.1362,3.1347251160105744e-05,0.02835689986790072,0.0037452022476716787
786_819,FaceSwap,fake,520.0,100.0,100.0,1.0,83.0299,2.7371,75.3725,89.4441,2.0332,0.7998,0.5541,3.8073,0.262,0.048,0.1268,0.3399,23.1017,16.4883,3.9108,78.6595,51081.4819,1302.2323,710.8085,76.1496,8.792525564960494e-05,0.09456673688634191,0.00523500800243763
794_779,FaceSwap,fake,306.0,61.0,61.0,1.0,108.9501,17.7067,91.6878,140.7361,1.2389,1.0471,0.3558,6.7247,0.3199,0.0267,0.2639,0.4039,5.5682,3.6672,0.9565,19.9068,64295.7524,4928.1422,2082.6922,247.5324,0.0001465165456562926,0.1264808852996815,0.007290806438032502
811_920,FaceSwap,fake,371.0,74.0,74.0,1.0,84.2916,4.1749,79.5976,90.943,0.6546,0.7618,0.0649,4.3649,0.298,0.0389,0.1681,0.3799,6.6177,6.6182,1.1209,32.5948,55024.2206,3145.4146,1695.7981,55.7694,5.867423295921793e-05,0.28809363155654344,0.0034635165123696066
816_649,FaceSwap,fake,411.0,82.0,82.0,1.0,125.2264,1.2497,119.7869,127.1338,1.0813,0.7785,0.2721,4.3433,0.3677,0.052,0.2344,0.4616,6.7668,4.3408,1.9892,28.7896,51084.6036,700.609,423.3252,44.6979,0.0005734943157696962,0.05786991393052292,0.005173440787053715
817_827,FaceSwap,fake,311.0,62.0,62.0,1.0,102.146,0.4946,101.2858,103.9385,0.5766,0.279,0.0724,1.5737,0.3276,0.038,0.2355,0.4462,6.7769,4.9262,1.2873,20.2549,62863.6643,671.1162,1464.6734,34.093,0.0004899955319389737,0.11608035839522923,0.0036879144528249677
819_786,FaceSwap,fake,520.0,100.0,100.0,1.0,128.3406,0.2164,127.8633,128.7993,0.4567,0.2041,0.1163,1.135,0.3605,0.0312,0.2638,0.4162,6.6036,2.8955,1.8486,16.5909,71584.1812,173.0501,992.7401,26.4727,0.00011752336669855342,0.037569306927910995,0.002040683741456473
827_817,FaceSwap,fake,311.0,62.0,62.0,1.0,100.8857,1.8108,95.2928,103.4135,1.0054,0.4947,0.5697,3.426,0.3791,0.0708,0.1897,0.5145,2.0678,1.5082,0.5218,6.6993,81855.2068,969.2564,1750.4595,62.6858,0.00015238324083833365,0.10681114680607155,0.0040537524658593544
828_830,FaceSwap,fake,319.0,63.0,63.0,1.0,77.7918,0.3474,76.935,78.4939,0.6672,0.5124,0.1647,2.1016,0.3133,0.0375,0.204,0.3849,3.1779,2.477,0.6922,13.0941,40836.267,364.9649,1434.6215,56.5157,0.00013529260961495508,0.04536885353897267,0.0024285004828262405
830_828,FaceSwap,fake,319.0,63.0,63.0,1.0,75.736,1.5826,73.4132,77.9421,0.4377,0.2439,0.0908,1.2028,0.3332,0.0441,0.1922,0.4127,2.8813,2.5885,0.4153,12.1481,49566.225,596.6834,1782.9162,32.4257,0.00010462531056658548,0.02256519297160009,0.004433916594144823
834_852,FaceSwap,fake,303.0,60.0,60.0,1.0,118.8153,2.1254,115.7413,125.7836,0.9125,0.5981,0.2395,2.7841,0.2118,0.0467,0.0971,0.2933,3.0814,1.6249,0.6871,8.1245,66583.1535,1190.7392,1912.5172,87.5334,0.00016543250044442293,0.035786267958124326,0.0036392932329052594
835_651,FaceSwap,fake,380.0,76.0,76.0,1.0,66.1902,0.3405,65.1543,66.8196,0.6583,0.247,0.354,1.4075,0.3085,0.0609,0.1756,0.4038,8.0189,7.6802,0.8826,31.0504,42987.3202,253.1381,1986.1692,76.2552,5.924884061654946e-05,0.1461710786546327,0.0019548525929148556
849_771,FaceSwap,fake,322.0,64.0,64.0,1.0,85.7329,0.2915,85.1721,86.413,0.9811,0.2579,0.5043,1.7727,0.3054,0.0288,0.2278,0.3701,2.2524,1.9008,0.605,12.347,42459.5229,429.8114,2379.8866,73.5079,8.996292231873567e-05,0.051156600597452806,0.004503314023144762
852_834,FaceSwap,fake,303.0,60.0,60.0,1.0,153.4227,0.2479,152.7857,153.9782,0.1405,0.1128,0.028,0.5861,0.2271,0.0297,0.1604,0.3101,2.8411,2.0935,0.5954,8.94,78816.3475,114.5791,1561.2489,19.634,0.00024622810696727616,0.08051422917593787,0.006187205535676737
853_863,FaceSwap,fake,513.0,100.0,100.0,1.0,116.131,1.047,113.9725,118.4812,0.6688,0.3335,0.1326,1.7575,0.2949,0.0498,0.1314,0.4021,8.9831,5.8763,1.2275,26.1104,62508.8218,1108.2982,1464.4088,40.1742,0.0004833822695349402,0.2997980260642883,0.003685002525069583
863_853,FaceSwap,fake,513.0,100.0,100.0,1.0,177.1966,4.5342,157.7503,181.4759,0.95,0.6785,0.2532,3.3593,0.2609,0.0454,0.1206,0.3451,7.0168,4.1131,1.8997,25.0206,86626.3427,1410.1089,807.0203,53.9048,0.0002610505553802917,0.05738898328052453,0.0038947029780121195
866_878,FaceSwap,fake,509.0,100.0,100.0,1.0,42.115,0.5076,41.3209,43.4764,0.6849,0.3781,0.1215,1.7562,0.3095,0.0571,0.1372,0.4131,13.6674,10.3347,1.6258,51.5677,29099.5058,893.1623,976.5674,48.9931,0.00030228194138968404,0.2536453377741909,0.00563371563807941
876_891,FaceSwap,fake,296.0,59.0,59.0,1.0,95.1217,0.0388,95.0549,95.2251,0.1047,0.083,0.0239,0.5761,0.2019,0.0453,0.0957,0.302,2.6653,1.1538,0.8846,6.8771,60399.6112,84.6671,1953.9673,33.5402,0.00014455689909186728,0.12127102798952391,0.0027639689595093534
878_866,FaceSwap,fake,509.0,100.0,100.0,1.0,116.2373,1.2613,115.0496,118.7328,0.4149,0.3137,0.0621,1.454,0.2746,0.0529,0.1604,0.3983,5.9922,4.8824,1.2082,32.6399,51467.3931,547.5879,855.1083,176.3996,0.0001568212658747196,0.2649695637914176,0.002940323706708494
882_952,FaceSwap,fake,333.0,66.0,66.0,1.0,182.7082,1.5914,179.4967,185.2017,1.3291,0.466,0.5947,3.1116,0.3112,0.0489,0.1655,0.3736,13.0261,13.1859,2.4907,93.8715,81160.1125,1489.8456,1379.1304,73.3354,0.00046453662491746157,0.1508420217512354,0.0035610777875977736
891_876,FaceSwap,fake,296.0,59.0,59.0,1.0,62.5252,0.9617,60.8133,64.5243,0.9585,0.3335,0.3338,1.7543,0.2855,0.037,0.2056,0.4038,14.8404,11.0913,1.989,66.0332,42697.7076,848.5411,1464.3161,86.1599,0.0002411022469012787,0.1947099518953951,0.007610226371721613
892_112,FaceSwap,fake,311.0,62.0,62.0,1.0,104.2663,1.034,102.5483,106.7016,0.9744,0.3294,0.4029,1.9687,0.3329,0.0536,0.129,0.4188,19.5361,11.0651,3.545,60.4129,58044.9469,696.8635,1382.8518,45.6356,0.0003051436960407645,0.12596958520844848,0.0034704283443405246
896_128,FaceSwap,fake,531.0,100.0,100.0,1.0,111.2879,0.217,110.7007,111.7979,0.2192,0.4955,0.0113,4.7969,0.2701,0.0472,0.1566,0.3636,2.2411,1.7046,0.3418,7.4372,78821.4862,233.1261,1263.0502,38.5574,0.00011523445942094656,0.06291029002504747,0.004619924571389254
897_969,FaceSwap,fake,333.0,66.0,66.0,1.0,90.0285,0.5888,88.25,91.173,0.5523,0.315,0.0749,1.4729,0.4076,0.0529,0.2908,0.5319,4.268,3.6024,0.566,18.4544,49669.532,601.2291,1762.2472,56.7635,8.391884869784237e-05,0.08617788128279225,0.006703565866572763
904_046,FaceSwap,fake,359.0,71.0,71.0,1.0,53.5722,2.9651,47.3354,58.4343,1.1202,0.318,0.632,2.2498,0.287,0.0265,0.1497,0.3216,7.6188,5.1635,1.8553,26.1078,58837.0868,3341.494,1001.6347,96.8072,5.6471479542536975e-05,0.05250682893855273,0.007767136385937228
917_924,FaceSwap,fake,448.0,89.0,89.0,1.0,102.3451,7.1288,91.692,112.5556,1.9982,0.7634,0.6638,3.8829,0.4122,0.0424,0.2538,0.4941,5.7229,3.1419,1.1188,14.1143,54926.1815,2840.9319,696.8923,47.0279,5.8973409735226446e-05,0.08785933289017663,0.005983908846625092
919_015,FaceSwap,fake,437.0,87.0,87.0,1.0,28.1982,0.915,26.572,30.2809,0.5627,0.3699,0.0532,2.1419,0.2612,0.0477,0.1416,0.3469,3.8024,2.4436,0.7262,13.8697,29220.4999,986.6859,911.2977,71.7262,0.0005629521963979174,0.06565678747299433,0.003990859612763572
920_811,FaceSwap,fake,371.0,74.0,74.0,1.0,110.0513,4.6053,79.6753,113.1899,0.7749,0.5012,0.1053,2.4817,0.3306,0.0362,0.2446,0.4119,11.0637,7.617,2.1946,38.7951,64506.4222,3651.3365,1503.2796,214.2956,0.00010095118001233931,0.1330486441093994,0.0023652743660437106
924_917,FaceSwap,fake,448.0,89.0,89.0,1.0,88.0995,0.4493,86.5937,88.7989,0.4669,0.3101,0.1261,1.9577,0.3453,0.0381,0.2359,0.4291,2.4779,1.4691,0.3895,7.9796,57842.379,547.0085,1302.877,25.016,3.3972341635654986e-05,0.08787498111690509,0.005720232703147353
938_987,FaceSwap,fake,369.0,73.0,73.0,1.0,71.4151,0.9908,70.141,74.3995,0.8419,0.5729,0.0355,4.5092,0.3229,0.0276,0.2387,0.3775,2.0333,0.8656,0.6724,4.1998,39802.6621,1011.1278,1992.2489,97.4441,5.4707348055550374e-05,0.1534609190995837,0.002479096378246792
942_943,FaceSwap,fake,470.0,94.0,94.0,1.0,109.3848,1.6492,101.2982,113.6412,0.5879,0.3666,0.1743,2.2007,0.2609,0.0288,0.196,0.3221,4.8975,3.4669,1.0142,18.7925,57586.8931,1291.0654,1147.813,105.9339,3.3665536796656107e-05,0.2573996076136595,0.005408798172531958
943_942,FaceSwap,fake,470.0,94.0,94.0,1.0,108.2873,0.4758,107.5504,110.2799,0.3847,0.2842,0.0341,1.3378,0.2814,0.0405,0.1449,0.3972,9.4567,7.858,1.1771,38.3455,59660.9743,330.6485,856.3001,53.5841,0.0001629482298869392,0.2089813047564372,0.0073174426809252974
944_032,FaceSwap,fake,310.0,62.0,60.0,0.9677,75.1686,2.1963,72.7137,80.734,0.5238,0.4558,0.0831,2.4616,0.3414,0.0543,0.1279,0.4202,6.6837,7.0295,1.4383,45.4665,45011.4163,819.5931,1091.7405,13.5715,0.00010116862931607463,0.12994282414095118,0.0029786523765685997
945_044,FaceSwap,fake,335.0,67.0,67.0,1.0,100.7785,0.6653,99.7787,102.4385,0.9014,0.5921,0.0688,2.135,0.3074,0.0486,0.1201,0.3718,4.6751,2.2964,1.1178,13.1687,52682.5001,653.4405,1339.4679,44.0488,0.00021417814830890987,0.12481533531263574,0.0037255315011187253
947_951,FaceSwap,fake,641.0,100.0,100.0,1.0,79.3151,1.2702,75.9481,81.0021,0.5874,0.3102,0.121,1.453,0.2628,0.0416,0.1565,0.3383,4.1697,3.092,0.6897,16.2862,48860.4001,1534.8608,1169.6572,131.1745,0.00014913210255755507,0.08978829923689877,0.006665970887164755
948_965,FaceSwap,fake,348.0,69.0,69.0,1.0,79.609,1.6634,76.4007,82.6249,1.155,0.5191,0.3861,2.5977,0.249,0.0625,0.1425,0.3456,14.7891,10.1052,3.7266,72.1829,68821.5644,1391.8318,1203.1678,43.9892,8.26344837138331e-05,0.05371125264003203,0.003323559984021524
951_947,FaceSwap,fake,641.0,100.0,100.0,1.0,64.7707,1.3885,62.9414,67.7705,0.5368,0.3632,0.07,2.8416,0.3326,0.0439,0.2042,0.4198,6.4605,5.0143,1.0728,32.74,56260.7974,2181.8257,1738.9363,58.3374,0.0003596053908824076,0.07440549052027677,0.005426092049576838
952_882,FaceSwap,fake,333.0,66.0,66.0,1.0,129.2958,0.9674,127.3026,131.5874,1.2079,0.4773,0.4023,2.2267,0.3301,0.0478,0.1899,0.4087,8.9323,4.1393,2.4691,22.969,67396.3635,767.1501,758.9873,56.6059,0.00032900223674568323,0.05601854538200207,0.0037753501224015596
953_974,FaceSwap,fake,318.0,63.0,63.0,1.0,108.4314,5.6443,100.6135,119.3049,1.4725,1.0538,0.4094,5.7818,0.229,0.0447,0.1239,0.312,8.3815,4.5591,1.7615,20.4684,68932.5791,3785.4551,2106.8603,218.7591,0.00039407797326429885,0.11599158365064799,0.0032417807407165732
960_999,FaceSwap,fake,335.0,67.0,67.0,1.0,96.9615,0.8444,95.1546,98.2661,0.9025,0.434,0.2509,1.919,0.3405,0.0488,0.2121,0.4591,9.6557,6.3432,2.3182,30.0898,64715.7403,454.2655,1458.8736,102.7373,0.0007692865798085026,0.3528390184781752,0.006429906475010219
965_948,FaceSwap,fake,348.0,69.0,69.0,1.0,128.1167,2.0714,118.2494,130.3155,0.5775,0.425,0.133,2.1627,0.3504,0.0597,0.1497,0.4804,13.4981,10.3381,2.191,53.8744,68451.2343,1376.0513,1475.4267,27.934,0.00022526278887582615,0.1029476782241322,0.004069276588200163
966_988,FaceSwap,fake,364.0,72.0,72.0,1.0,96.8413,3.0285,87.5372,100.9115,1.0702,1.2397,0.1324,8.0661,0.3667,0.0401,0.2343,0.4397,3.4476,2.247,0.9417,14.2242,86433.4367,2781.537,2059.7724,163.609,0.00011785411603566763,0.09454220265085617,0.004032072759614926
969_897,FaceSwap,fake,333.0,66.0,66.0,1.0,79.5391,0.4771,78.6349,80.6577,0.797,0.1841,0.4266,1.3122,0.3332,0.0292,0.2496,0.3841,2.4257,1.3569,0.5513,8.3383,60079.6358,451.3992,1601.4632,38.2897,0.00011089033023020428,0.11069980916614919,0.0036669280262876763
974_953,FaceSwap,fake,318.0,63.0,63.0,1.0,92.5126,2.6715,89.5761,97.7042,1.9856,0.6897,0.8791,3.8876,0.2365,0.0373,0.1254,0.3106,9.0867,4.8312,2.4846,21.9342,62435.5309,1235.5017,1220.6283,69.6282,0.0002831936905157029,0.11019963832675747,0.004983683129899998
980_992,FaceSwap,fake,383.0,76.0,76.0,1.0,110.4753,3.3687,105.5821,116.0136,1.1098,0.4553,0.354,2.9189,0.3413,0.0323,0.2743,0.4073,4.7027,4.4155,0.5832,19.3541,62448.2991,1232.4035,1383.5276,60.8449,8.665625409367628e-05,0.06596505454812768,0.004517883332198691
981_985,FaceSwap,fake,343.0,68.0,68.0,1.0,86.6734,1.1932,84.1997,88.6698,1.3486,0.4826,0.6284,3.0779,0.3081,0.0286,0.2471,0.3772,4.6345,3.3289,0.8015,15.5616,53185.2617,1179.7192,1140.2098,46.669,8.754014789384658e-05,0.10682571827138228,0.005479155606421844
982_004,FaceSwap,fake,309.0,61.0,61.0,1.0,137.7464,0.1518,137.5043,137.9911,0.37,0.2412,0.0678,1.0873,0.2579,0.0474,0.1527,0.3502,5.7328,3.9445,1.1401,19.5713,67450.4643,205.8432,2136.3519,20.4847,6.403258620527216e-05,0.1424320765289137,0.003208533403239336
985_981,FaceSwap,fake,343.0,68.0,68.0,1.0,102.0528,0.5387,100.3424,103.8589,0.5648,0.2473,0.0302,1.5211,0.2857,0.0564,0.1143,0.3542,2.4087,1.5245,0.4569,7.0469,64333.4809,322.3951,1679.2337,52.3981,4.023620729063581e-05,0.04567366507254831,0.0027160903514723885
986_994,FaceSwap,fake,316.0,63.0,63.0,1.0,78.0014,1.9431,69.85,80.4991,0.5564,0.6596,0.2118,4.7284,0.369,0.0366,0.2534,0.4308,2.4895,2.3093,0.4387,11.2423,56910.219,2583.5248,1747.1499,173.516,0.00019809394097632828,0.11196233524199632,0.003315064267002619
987_938,FaceSwap,fake,369.0,73.0,73.0,1.0,72.3307,0.6116,71.1223,74.0463,0.4532,0.2338,0.1407,1.3474,0.2766,0.0259,0.2093,0.3193,2.8737,2.0935,0.8671,8.829,40517.0056,707.2872,1010.0515,51.6616,0.00010621871908806568,0.08372679327565653,0.0044048813937471905
988_966,FaceSwap,fake,364.0,72.0,72.0,1.0,100.3194,0.3601,99.5136,101.1519,0.5002,0.4493,0.0382,2.6771,0.3163,0.0358,0.1596,0.4122,4.2131,3.4342,0.5682,16.663,49769.8371,799.1065,1698.092,39.4363,5.1433577362381524e-05,0.07246242890712698,0.004147278025279141
990_008,FaceSwap,fake,305.0,61.0,61.0,1.0,97.1661,1.0216,94.5872,99.2458,1.1158,0.3739,0.6262,2.6953,0.2618,0.0292,0.1943,0.3322,2.5072,1.5725,0.6187,7.0793,59829.1838,1149.9796,1870.661,75.9294,0.0002099283781314074,0.11952006103579324,0.004419556938169654
992_980,FaceSwap,fake,383.0,76.0,76.0,1.0,72.8335,5.2325,62.2564,82.8646,6.5496,1.931,3.4757,10.2095,0.3892,0.0367,0.2939,0.4651,4.7458,4.2429,0.5183,17.3136,47177.6065,4166.6765,1686.4437,82.048,0.00019775558858039065,0.17837622506479392,0.004047373201346499
994_986,FaceSwap,fake,316.0,63.0,63.0,1.0,92.9263,1.1953,90.9324,96.5365,1.3112,0.4584,0.5636,2.8248,0.3581,0.035,0.281,0.4254,5.5406,3.3133,1.3908,14.4992,63295.4404,617.6211,1765.0106,41.2766,0.0004233229972279914,0.10623163817638773,0.004703961170846257
999_960,FaceSwap,fake,335.0,67.0,67.0,1.0,77.9992,0.6992,76.1829,80.3657,0.5467,0.4243,0.0659,2.0939,0.3505,0.0663,0.1895,0.4787,3.6986,3.0069,0.8794,14.4698,46673.4067,590.1746,594.4415,30.4627,0.0006547868623438467,0.38972109171594266,0.0052311202577995895
004_982,NeuralTextures,fake,309.0,61.0,61.0,1.0,56.1071,10.6007,44.908,70.1706,0.6525,0.6793,0.1267,4.2136,0.2804,0.0391,0.1853,0.3581,9.5552,9.3731,1.0536,38.868,46453.8105,11468.7126,1668.6474,72.7819,0.00013302325443329116,0.2170986236506577,0.0062261071547675085
008_990,NeuralTextures,fake,305.0,61.0,61.0,1.0,117.5194,4.085,113.5175,125.7581,0.3405,0.3165,0.0218,1.1894,0.2882,0.0283,0.2196,0.3486,2.5797,1.8033,0.3443,7.9516,55911.6691,1712.3787,1291.283,25.822,0.00029477068179554106,0.12414991347293439,0.002088799522243514
009_027,NeuralTextures,fake,315.0,63.0,63.0,1.0,66.8151,0.3034,66.0609,67.5645,0.2747,0.2065,0.0706,0.7609,0.2297,0.0256,0.1277,0.2837,2.265,1.8055,0.4802,8.6181,54613.4123,714.1792,2189.5679,62.7048,8.3447309340265e-05,0.11370729406727538,0.0018104773877149459
015_919,NeuralTextures,fake,437.0,87.0,87.0,1.0,67.6731,0.2925,67.0225,68.4999,0.834,0.212,0.4337,1.5726,0.2736,0.0442,0.1482,0.376,6.0824,3.5899,1.2714,18.9569,43939.1411,475.2447,1845.0155,64.3687,0.00017315835804771916,0.20546573829787645,0.0056872962636807895
027_009,NeuralTextures,fake,315.0,63.0,61.0,0.9683,142.9226,0.7418,140.3563,144.879,1.3712,0.6134,0.5831,3.3146,0.3045,0.0564,0.1413,0.3995,8.7717,8.206,1.0442,39.44,85840.8506,891.866,1767.8335,93.5044,0.00025726001544078503,0.2068152284752108,0.004531904776984942
032_944,NeuralTextures,fake,310.0,62.0,62.0,1.0,103.4347,1.8683,101.163,110.0621,0.9488,0.8396,0.0966,3.546,0.2717,0.051,0.1055,0.3531,7.3695,7.2565,1.1327,41.5928,51924.2973,2325.0188,1235.3099,67.5529,9.362458690069808e-05,0.10655147505735389,0.004136218462595332
033_097,NeuralTextures,fake,478.0,95.0,95.0,1.0,94.4035,1.519,91.8062,96.9556,0.5619,0.4488,0.0149,1.9362,0.2511,0.0388,0.1302,0.3378,2.6793,2.3696,0.4412,13.2119,50672.1022,1416.0909,2481.3216,188.3298,0.00012922114286102626,0.06802173972526232,0.0034120995849689895
035_036,NeuralTextures,fake,337.0,67.0,67.0,1.0,80.315,0.545,79.2725,81.451,0.3088,0.1911,0.0685,1.0092,0.3003,0.0335,0.2018,0.4019,4.1221,3.8583,0.6847,19.7692,51817.0794,154.9449,816.4849,13.1785,0.00020485814784564657,0.16183645026673626,0.0037836398333578234
036_035,NeuralTextures,fake,337.0,67.0,67.0,1.0,108.9997,2.5722,105.5951,113.354,1.6127,0.5209,0.689,2.8258,0.2902,0.0277,0.1616,0.3386,4.954,3.8143,0.5305,14.3669,64467.8853,2167.6939,982.1013,109.3703,0.00017053110215625497,0.09591435651683447,0.0034940954020613296
044_945,NeuralTextures,fake,335.0,67.0,67.0,1.0,122.8149,2.5341,116.8214,127.8034,1.1409,0.601,0.2389,2.9822,0.2962,0.0484,0.1261,0.3715,12.2467,9.2484,2.3152,35.7211,64193.0122,1384.2194,1044.5962,49.3818,6.70242583001669e-05,0.0866268851053582,0.003353689786284223
046_904,NeuralTextures,fake,359.0,71.0,71.0,1.0,146.6137,0.5733,145.2868,148.0365,0.5464,0.3875,0.0838,1.8259,0.2976,0.0366,0.1348,0.3677,9.3191,7.6109,1.2859,32.2476,62487.4623,1015.9935,718.3262,42.3694,5.571542107982551e-05,0.059847162481254726,0.005243589767477741
054_071,NeuralTextures,fake,368.0,73.0,73.0,1.0,67.5359,1.21,65.2235,70.5658,0.7052,0.3434,0.1882,1.6906,0.2876,0.0358,0.2213,0.3784,6.0368,3.9154,1.0837,21.2373,51922.6421,907.7869,1661.4954,111.5973,0.00017477298167693396,0.08877643370674669,0.007812336725274368
055_147,NeuralTextures,fake,394.0,78.0,78.0,1.0,75.4561,1.0783,72.0164,78.0831,0.7993,0.7006,0.1029,3.1321,0.2541,0.0592,0.0584,0.407,5.3274,3.9303,0.676,21.0476,55295.2753,929.151,1923.7977,80.9863,0.00016132447075133666,0.10733340160906239,0.004002465237061526
060_088,NeuralTextures,fake,665.0,100.0,100.0,1.0,105.3769,6.5249,93.9028,116.4918,4.1226,2.3535,0.7295,10.1019,0.2472,0.0597,0.1057,0.4266,7.0368,4.9194,0.7922,22.994,59540.5795,2530.701,1964.4555,213.5909,0.00013060700593604392,0.23524266839111713,0.004248925004041415
062_066,NeuralTextures,fake,423.0,84.0,84.0,1.0,107.2575,2.7439,101.6843,109.5768,0.4293,0.2409,0.132,1.3865,0.3272,0.0227,0.2695,0.3852,2.6202,1.7537,0.5158,8.9075,55111.8417,1107.8974,679.7111,25.5123,0.00011481359524291269,0.08975120613386796,0.0038581178820188858
066_062,NeuralTextures,fake,423.0,84.0,84.0,1.0,131.4424,3.0293,127.9184,142.9355,2.2687,1.1334,0.726,5.5517,0.2867,0.0298,0.2148,0.3338,4.0103,2.429,0.5624,11.2544,62640.6609,3930.1278,1921.4041,78.506,6.925516532538054e-05,0.06444000747577242,0.0031088455503604506
071_054,NeuralTextures,fake,368.0,73.0,73.0,1.0,89.5605,10.9192,77.7261,111.9454,2.4035,1.1619,0.6396,5.415,0.3701,0.0518,0.25,0.5004,4.6781,3.4893,1.0248,25.1657,52273.6085,5471.3406,1050.0742,150.9833,0.00027179241023927547,0.10478688954871576,0.00583509236058079
088_060,NeuralTextures,fake,665.0,100.0,100.0,1.0,57.8305,5.8939,44.5964,70.2558,3.1193,0.9945,1.2368,6.4778,0.3037,0.0406,0.1753,0.4049,3.4557,2.5416,0.7937,13.8893,45869.9466,5292.0936,881.3245,80.1823,0.00017669036767375152,0.0988242109969847,0.005467938688929993
096_101,NeuralTextures,fake,504.0,100.0,100.0,1.0,111.8548,0.6309,110.0454,112.8134,0.3049,0.1647,0.0729,0.8414,0.3398,0.0355,0.2583,0.4377,5.7793,3.8451,0.8672,18.2313,70623.3677,664.7352,2292.0616,94.2109,8.251978975132202e-05,0.12847484937018497,0.00273262291169756
097_033,NeuralTextures,fake,478.0,95.0,95.0,1.0,102.6473,1.3236,94.379,103.977,0.8847,0.5507,0.4709,5.0371,0.2627,0.0269,0.2066,0.3298,1.7019,1.6857,0.2034,13.4308,69605.1352,897.5055,2640.8004,67.7075,6.734436638650681e-05,0.03729607971796879,0.004250270237932883
101_096,NeuralTextures,fake,504.0,100.0,100.0,1.0,95.9253,0.7573,94.3704,98.2554,1.0089,0.3164,0.5323,2.1967,0.3957,0.0419,0.186,0.4608,5.2338,3.9359,0.6248,20.1175,68944.6167,384.5795,1900.3886,86.8534,0.00014592686058663074,0.11249833486628047,0.0035557340071656826
107_109,NeuralTextures,fake,298.0,59.0,59.0,1.0,123.6619,1.1259,122.3082,129.9467,0.7551,0.2127,0.5265,1.6528,0.3127,0.0287,0.2364,0.3681,1.3319,0.8423,0.3529,6.1269,68450.2671,565.8025,1467.1281,70.4665,0.00010895121604145928,0.05272796247290754,0.004636844848395462
109_107,NeuralTextures,fake,298.0,59.0,59.0,1.0,66.4921,1.1918,63.6858,69.3756,0.5126,0.1584,0.2891,1.0889,0.4042,0.0234,0.3438,0.456,1.7604,1.5324,0.2708,6.9798,46966.6367,1028.0393,1129.906,45.067,4.966972084382679e-05,0.05764739460563523,0.005041377823900982
112_892,NeuralTextures,fake,311.0,62.0,62.0,1.0,113.4191,3.1592,108.9505,119.4703,1.3462,0.52,0.4904,2.5833,0.3122,0.0557,0.1314,0.3801,19.0279,16.6483,6.4735,119.1295,51472.4486,4990.0503,976.2743,303.729,0.0002437560147333268,0.1015279664691889,0.0025606052505609185
128_896,NeuralTextures,fake,531.0,100.0,98.0,0.98,109.946,1.6142,108.6594,115.5231,0.4037,0.3764,0.0438,2.3553,0.2738,0.0494,0.1671,0.4013,3.9292,3.8104,0.321,16.4267,58276.5314,2551.7952,2129.4394,119.2069,0.0009549104939164245,0.11069961373993509,0.005991860479288637
134_192,NeuralTextures,fake,287.0,57.0,57.0,1.0,103.1481,7.0944,88.9291,115.9726,0.5541,0.6291,0.1042,4.6226,0.3265,0.0391,0.159,0.3724,4.563,3.8399,1.1788,20.3434,53807.786,5358.3813,2010.5179,139.3432,0.0002704023047340367,0.11150104479752723,0.0030429071337459983
147_055,NeuralTextures,fake,394.0,78.0,78.0,1.0,185.3242,2.4941,179.7799,187.7116,1.5182,0.9519,0.2613,4.2075,0.2816,0.0339,0.1634,0.3364,6.9789,4.2467,1.035,19.2479,80609.0273,1277.271,1414.9965,56.7333,0.00011509589568799157,0.04848929445152694,0.0050770181710655
150_153,NeuralTextures,fake,456.0,91.0,91.0,1.0,50.3043,1.0402,47.96,51.63,0.2718,0.168,0.0648,1.0517,0.2717,0.0314,0.1841,0.3314,3.432,2.7376,0.5781,15.8958,39641.7904,726.9304,1584.2283,67.8099,0.00025024677439666596,0.07067347961707077,0.006445264994484956
153_150,NeuralTextures,fake,456.0,91.0,91.0,1.0,98.5601,1.115,95.8862,100.4657,1.0172,0.3859,0.3487,2.5884,0.3379,0.0612,0.1483,0.4262,5.0128,3.2861,0.5244,17.3836,52987.8465,715.4474,1279.9981,127.4018,0.00012329292575171096,0.18574681193421164,0.0042138897510755995
159_175,NeuralTextures,fake,325.0,65.0,65.0,1.0,125.2177,1.3474,122.6982,128.5507,2.1408,0.6243,0.8431,3.4603,0.2227,0.0258,0.1625,0.2837,5.2467,3.347,0.8863,17.9321,76908.2232,1523.9089,1534.5219,56.7778,0.00010660751779357576,0.07069499268893778,0.003890764407051678
168_222,NeuralTextures,fake,407.0,81.0,81.0,1.0,114.8179,0.9769,112.0553,116.6324,0.3928,0.3123,0.0703,1.532,0.364,0.0625,0.1705,0.4565,2.7617,2.1126,0.6223,9.9801,67691.1153,477.6144,1503.424,57.4039,0.00034080859725574807,0.12880608033063803,0.003329524954315198
175_159,NeuralTextures,fake,325.0,65.0,65.0,1.0,117.596,5.4121,108.0958,126.7083,1.2651,1.2544,0.2552,9.1157,0.274,0.0292,0.2082,0.332,7.1196,6.6018,0.6881,31.4675,72448.0737,950.322,933.6294,141.9488,0.00016587840185728188,0.242277835658949,0.004444556993109698
178_598,NeuralTextures,fake,521.0,100.0,100.0,1.0,108.5539,0.3242,107.5857,109.4442,0.2648,0.4207,0.015,3.9249,0.3232,0.0426,0.1939,0.477,3.8553,2.9334,0.3687,16.0894,74517.3841,684.2608,1193.2027,59.7025,0.00025047443296974414,0.1919222870017509,0.006162137566402114
183_253,NeuralTextures,fake,390.0,78.0,78.0,1.0,72.3002,0.4087,71.3133,72.882,0.7508,0.224,0.3607,1.6937,0.2614,0.0624,0.1485,0.3996,7.8801,6.0512,1.3447,30.0343,53930.8041,419.2176,2056.9029,48.6283,0.00020500741860511164,0.36235429235426836,0.003924677503162393
189_200,NeuralTextures,fake,512.0,100.0,100.0,1.0,155.5401,10.7043,142.0784,181.4745,0.8983,0.3859,0.277,2.0665,0.3134,0.05,0.1616,0.3758,4.267,3.2734,0.7347,15.2211,86283.0348,3077.2002,1524.004,101.8174,7.175547130697643e-05,0.12347672090156414,0.003088647017985077
192_134,NeuralTextures,fake,287.0,57.0,57.0,1.0,98.042,0.3228,97.4517,98.5709,0.4314,0.3081,0.0942,1.5249,0.3199,0.0632,0.1375,0.3929,5.1576,4.3364,0.8536,20.311,58224.6029,329.5527,941.0036,41.331,0.0002808375604536522,0.16907375023285592,0.004615770546050588
200_189,NeuralTextures,fake,512.0,100.0,100.0,1.0,131.7345,1.881,126.8465,134.9602,2.3967,0.2813,1.8772,3.1422,0.2817,0.0403,0.1091,0.3661,2.865,2.1966,0.6942,14.6774,72062.0744,1004.6086,1458.2947,75.9803,0.00022681578136008897,0.044332510657919,0.005128531889658627
206_221,NeuralTextures,fake,714.0,100.0,100.0,1.0,95.6084,0.6497,94.3595,97.1334,0.289,0.1929,0.0361,0.9961,0.3887,0.028,0.3364,0.4636,2.9166,1.8476,0.5167,10.5728,73828.4284,553.3701,1399.2299,48.2591,0.0001378837412580472,0.05633706526481358,0.008955482956761344
210_241,NeuralTextures,fake,292.0,58.0,58.0,1.0,90.6642,1.7416,83.667,93.6944,0.5952,0.414,0.1959,2.094,0.2237,0.0429,0.1015,0.2899,2.8307,1.3671,0.8655,8.334,57336.1541,2234.4538,1923.8499,149.1088,3.51545652489624e-05,0.05509525999755708,0.002153925649949818
221_206,NeuralTextures,fake,714.0,100.0,100.0,1.0,47.1863,3.7264,44.9903,62.9348,0.24,0.2084,0.0301,1.4766,0.2999,0.0695,0.1055,0.4123,3.1332,2.2248,0.6917,14.4021,39833.651,3935.3182,1513.8827,67.1732,0.00021421791743657685,0.1293372814077053,0.005485134575935686
222_168,NeuralTextures,fake,407.0,81.0,81.0,1.0,126.4426,2.7584,117.2635,138.4153,0.6692,0.4703,0.0879,2.3898,0.3616,0.0295,0.2661,0.4195,2.9583,2.3581,0.5685,13.0439,61218.1518,1496.6601,1101.3976,45.4405,6.860547709401876e-05,0.1374925305843146,0.003357223708385947
228_289,NeuralTextures,fake,556.0,100.0,100.0,1.0,112.0135,1.6226,110.6349,115.674,0.1995,0.1028,0.0416,0.6242,0.369,0.0229,0.2798,0.4188,3.8797,2.824,0.7166,16.4479,63472.7732,1318.9233,1326.6597,109.9101,7.550262501796715e-05,0.05454301443814864,0.004748621978829923
241_210,NeuralTextures,fake,292.0,58.0,58.0,1.0,85.553,0.6897,84.7378,87.1745,0.6533,0.4662,0.0792,2.2162,0.3063,0.0514,0.1702,0.4042,7.0692,5.7183,1.1529,23.9912,50604.9948,371.463,1613.7935,47.5904,3.760446102451503e-05,0.2684438272488118,0.003070040082858195
246_258,NeuralTextures,fake,496.0,99.0,99.0,1.0,70.0758,0.8089,68.7264,72.1096,0.3927,0.1922,0.1266,1.0834,0.3405,0.0379,0.1942,0.4006,4.4933,4.1353,0.8239,23.9965,49352.1655,1314.3722,1521.5662,102.5348,0.00012202114754641861,0.08568005889650207,0.0028618764513137075
251_375,NeuralTextures,fake,346.0,69.0,69.0,1.0,77.4073,0.4721,76.4121,78.0873,0.2606,0.1348,0.0631,0.6303,0.3906,0.0554,0.1719,0.4542,5.8995,3.6217,1.392,17.1785,58933.7325,387.2048,1266.2533,34.7691,0.00014181843093514978,0.09104581221598668,0.005435956236982404
252_266,NeuralTextures,fake,465.0,93.0,93.0,1.0,155.2645,9.7904,127.5157,173.3371,1.8972,1.5736,0.1687,5.5084,0.2486,0.0274,0.1661,0.2957,3.4434,2.333,0.6956,11.0795,72364.9387,3020.4878,2134.2717,205.9257,8.47920851494666e-05,0.03838033796430797,0.003528987009885345
253_183,NeuralTextures,fake,390.0,78.0,78.0,1.0,206.5391,4.0259,201.4252,218.3244,0.4548,0.5795,0.0863,4.3877,0.3066,0.0558,0.1146,0.3876,8.9463,23.8254,1.0978,206.7046,98884.4841,2387.7556,1341.5078,242.0852,0.00026481267534444287,0.11427389177641678,0.004427285170068801
254_261,NeuralTextures,fake,427.0,85.0,85.0,1.0,87.5451,0.5157,86.1517,89.2911,0.4448,0.539,0.1936,5.2294,0.367,0.0384,0.2498,0.4574,4.2341,3.1624,0.9104,18.3706,67158.7331,321.5433,1644.3512,42.2974,0.0001653000089014118,0.20631579286621599,0.0037722152595581243
257_420,NeuralTextures,fake,763.0,100.0,100.0,1.0,96.8143,6.2619,84.8098,117.8868,3.2535,2.819,0.1912,10.8864,0.3178,0.034,0.2284,0.3898,1.8987,1.4922,0.425,11.006,60036.9617,3847.495,941.2754,127.3726,0.00015181857897740843,0.04681540673552724,0.007391522524130261
258_246,NeuralTextures,fake,496.0,99.0,99.0,1.0,106.8686,12.0964,81.2617,124.0185,2.7769,1.7383,0.428,7.5889,0.2884,0.0705,0.0644,0.3785,8.0898,7.4358,1.3791,60.7499,63582.9779,5244.2012,1932.4576,184.9298,8.596146374612779e-05,0.10777392902021514,0.00314888820898073
261_254,NeuralTextures,fake,427.0,85.0,85.0,1.0,64.4149,0.2191,63.7685,64.7908,0.392,0.1205,0.2254,0.9311,0.3733,0.0654,0.2045,0.5742,2.744,1.9287,0.6258,12.7366,47715.7648,322.1831,1340.9217,61.2809,9.507314014838166e-05,0.2746809543433308,0.004098397521340615
263_284,NeuralTextures,fake,300.0,60.0,60.0,1.0,120.0092,2.5498,116.8976,131.1634,1.4327,0.9243,0.162,3.489,0.2347,0.0622,0.1428,0.3547,12.8584,8.8288,2.207,48.8989,60551.9153,2651.5313,993.5377,72.3525,0.00020618609974329993,0.06735924302047473,0.0031643054934341595
264_271,NeuralTextures,fake,455.0,91.0,91.0,1.0,123.2448,1.1771,121.1075,131.7323,0.2859,0.4936,0.054,4.3707,0.2856,0.0516,0.1166,0.3743,2.4382,1.9867,0.392,9.2706,78059.385,398.7648,1959.7598,164.4921,0.0005072362502097811,0.049269778384321075,0.0037214049143887043
266_252,NeuralTextures,fake,465.0,93.0,93.0,1.0,84.5341,3.1305,80.4506,92.6066,2.4719,0.9443,0.7246,4.272,0.2436,0.0324,0.1567,0.3111,2.8073,2.4926,0.4665,15.199,47160.8622,2123.1187,1275.1281,58.0586,0.0002217099945473906,0.0597418892707525,0.003278760570726708
271_264,NeuralTextures,fake,455.0,91.0,91.0,1.0,130.744,1.0737,128.1822,132.2996,0.4888,0.289,0.0917,1.84,0.3059,0.036,0.199,0.3857,2.6896,1.4187,0.4508,7.6974,70674.7058,682.3591,2289.0689,342.5974,0.00013235985658698545,0.10659031055185457,0.003101556844632913
272_396,NeuralTextures,fake,323.0,64.0,64.0,1.0,146.6502,9.8144,131.1882,168.8451,1.0406,0.7783,0.2962,5.1305,0.2103,0.0893,0.0747,0.3787,5.9078,4.3358,1.0981,22.2614,82252.4204,4256.7449,1415.7383,305.4021,0.0002066915556860416,0.08563877544983355,0.005217214559185221
284_263,NeuralTextures,fake,300.0,60.0,60.0,1.0,81.488,2.4151,77.0478,85.5016,1.631,0.7456,0.3953,3.1486,0.2547,0.0484,0.1446,0.3353,18.6133,13.8118,3.2982,59.2167,44249.265,1758.8091,1628.3384,141.6005,0.00021845959129214118,0.12761133032588573,0.004096702409264344
288_321,NeuralTextures,fake,543.0,100.0,100.0,1.0,113.2279,4.3607,109.1033,119.2283,0.2994,0.1868,0.0582,0.9024,0.3177,0.0261,0.2413,0.3758,2.7846,1.9765,0.5548,11.0376,64739.8777,2078.5563,1149.111,117.6062,0.00014740149732967746,0.053723177972507266,0.0049154904421000074
289_228,NeuralTextures,fake,556.0,100.0,100.0,1.0,85.6133,0.6128,83.8501,86.9017,0.9863,0.2742,0.4578,1.5991,0.2505,0.0224,0.1706,0.3017,2.3992,1.8988,0.4422,8.8826,50578.8156,709.9299,1307.9173,70.227,0.0001466753939668761,0.08561450384291043,0.0023116031055380654
292_294,NeuralTextures,fake,425.0,85.0,85.0,1.0,94.793,3.299,88.5,101.3997,0.7679,0.3418,0.1078,1.6812,0.3105,0.0494,0.1252,0.3884,7.9152,5.4305,0.5841,24.9505,65748.9193,1248.9087,1716.568,84.0792,0.0002427061774744378,0.16164038922064566,0.0033463203265095805
294_292,NeuralTextures,fake,425.0,85.0,85.0,1.0,77.429,1.4245,75.2504,80.4318,0.6477,0.1593,0.3994,1.2231,0.3302,0.0537,0.1046,0.4051,4.2969,3.3442,0.6196,20.3799,47699.1347,548.8706,1727.2018,115.4545,0.0005733446196125393,0.07343564228702924,0.004248525486863531
321_288,NeuralTextures,fake,543.0,100.0,100.0,1.0,89.7566,5.66,83.0473,99.7404,0.6388,0.4889,0.1264,3.7167,0.4166,0.0354,0.2636,0.4885,2.64,2.2865,0.6484,12.7583,64354.937,5197.0077,2204.8195,215.316,0.00011469166285174187,0.07280050711062384,0.0043961763899341925
324_356,NeuralTextures,fake,558.0,100.0,100.0,1.0,91.1889,5.5208,80.5223,110.0633,2.3003,1.1049,0.4256,5.0241,0.3129,0.0396,0.1786,0.3983,5.5944,5.2214,1.1725,36.6028,74257.1254,4451.5678,1085.7051,64.1825,0.0005553986926321225,0.40076935481749565,0.004896594508520036
337_522,NeuralTextures,fake,331.0,66.0,66.0,1.0,80.7191,1.0886,78.5563,83.2436,1.4107,0.5475,0.0668,3.3054,0.2867,0.0433,0.1631,0.3645,3.2549,2.274,0.4777,10.3685,60851.0607,883.3123,1544.3565,93.9814,8.07394568010891e-05,0.047789510975327666,0.007008212887250353
339_392,NeuralTextures,fake,457.0,91.0,91.0,1.0,73.4883,0.9642,72.0894,76.8117,0.649,0.5463,0.1088,4.4947,0.236,0.0725,0.1016,0.3611,4.0764,2.4386,0.5902,17.9677,62252.448,919.6612,795.4066,45.7796,0.00036996953229599477,0.10318613691097919,0.005515880946638452
356_324,NeuralTextures,fake,558.0,100.0,100.0,1.0,143.4598,9.653,123.2349,159.559,1.8714,1.5325,0.6918,11.2666,0.2403,0.0287,0.154,0.3015,4.8552,3.3523,0.7105,18.8673,71867.326,3398.1775,1770.0456,96.9831,8.109298113380544e-05,0.06687063494044204,0.0030731030007299675
360_437,NeuralTextures,fake,385.0,77.0,77.0,1.0,99.9516,2.5595,97.3306,110.1036,0.7624,0.4231,0.2604,2.9764,0.2396,0.0849,0.111,0.3477,12.5571,7.7157,2.5328,33.3471,54662.7979,1773.3897,506.202,40.2795,0.0002478050142511881,0.16770477769872733,0.0038246758799841112
361_448,NeuralTextures,fake,455.0,91.0,91.0,1.0,129.8307,2.0874,123.8334,134.5101,1.9857,0.9422,0.4639,4.2926,0.2911,0.0631,0.1623,0.435,21.147,23.2817,2.0145,144.2576,57327.9571,1958.165,1668.3934,84.5631,0.0015834573839166581,0.18171107894132113,0.004258485114984934
375_251,NeuralTextures,fake,346.0,69.0,69.0,1.0,127.0716,11.3125,101.475,141.9906,1.7765,2.0234,0.3688,13.9422,0.3663,0.0505,0.1787,0.4425,6.6506,3.2585,1.1883,14.5894,61608.1676,5538.1464,1426.0214,253.3115,0.00014400355855522095,0.2212867935804958,0.004971814988919122
376_381,NeuralTextures,fake,515.0,100.0,100.0,1.0,74.0085,3.1191,63.9933,77.1524,0.561,0.6101,0.2208,4.2653,0.3153,0.059,0.1796,0.4601,3.9264,2.5783,0.751,13.983,57881.2953,4111.0919,1611.2292,114.1648,0.0002869134051583035,0.1298431693620059,0.00481811262370012
381_376,NeuralTextures,fake,515.0,100.0,100.0,1.0,101.1294,7.6241,89.3304,112.4057,1.3025,0.58,0.4326,3.1075,0.3587,0.0269,0.2872,0.4384,4.6571,3.6769,0.7737,17.1485,49023.9925,3139.1322,718.0897,43.8619,0.00020414562777770542,0.15933035584962035,0.0032451108983154653
392_339,NeuralTextures,fake,457.0,91.0,91.0,1.0,55.181,2.2837,50.2526,58.7597,1.1819,0.7586,0.1912,3.149,0.2819,0.0391,0.1566,0.3771,12.4662,10.3668,1.3794,59.3644,43952.2376,1805.0221,1099.3025,82.4766,0.0003127996368844282,0.141023519643799,0.004185095987378977
396_272,NeuralTextures,fake,323.0,64.0,64.0,1.0,57.7238,0.2051,57.2564,58.0979,0.6622,0.1732,0.388,1.0913,0.3282,0.0279,0.2753,0.3915,5.1848,3.298,1.4096,14.6844,50029.9637,802.3001,1373.8015,36.7813,3.7894300075442366e-05,0.03277382085397248,0.004541739291775643
399_488,NeuralTextures,fake,518.0,100.0,100.0,1.0,157.7235,0.574,156.2235,159.0999,0.8798,0.3714,0.3205,2.1402,0.3106,0.0654,0.1389,0.4007,9.0805,6.4333,2.2324,35.6616,63821.7127,738.2933,840.4559,27.817,0.00020183940685278065,0.07843172995308598,0.0070074874741414455
420_257,NeuralTextures,fake,763.0,100.0,100.0,1.0,138.3258,7.0414,124.1501,144.6923,0.7283,0.3036,0.3425,2.1384,0.3428,0.0459,0.2485,0.4723,1.4327,1.2056,0.2744,5.8655,65620.3126,3809.2514,1103.9179,149.6571,0.00016882322706441381,0.09991240423170861,0.004262718960465778
434_438,NeuralTextures,fake,337.0,67.0,67.0,1.0,39.236,0.5642,38.1233,40.8674,0.6139,0.374,0.1384,2.1544,0.3171,0.0625,0.1575,0.4018,5.8039,4.506,1.0693,29.7419,38053.7966,395.8968,1355.8614,33.7808,0.0005384973574250961,0.0715962281126171,0.004760891034988447
435_456,NeuralTextures,fake,476.0,95.0,95.0,1.0,69.7007,1.6863,67.4461,74.4635,0.648,0.5475,0.1363,3.2746,0.3012,0.0362,0.1948,0.3735,3.9255,2.9154,0.6248,16.2589,48321.762,1144.5239,1297.5396,166.8798,0.0006021445902199081,0.10200668534603423,0.0030637784536482093
437_360,NeuralTextures,fake,385.0,77.0,77.0,1.0,127.4819,1.9463,120.2092,136.4389,1.4087,0.6802,0.362,3.5939,0.2953,0.0446,0.1523,0.3469,9.3544,5.9082,2.3134,38.2162,66557.647,1076.1419,1060.7846,44.2892,6.160208528668974e-05,0.094548098693852,0.009287942303719161
438_434,NeuralTextures,fake,337.0,67.0,67.0,1.0,114.3635,0.7413,113.5606,116.0222,0.5137,0.2465,0.0752,1.52,0.3246,0.0294,0.2172,0.3754,4.4911,2.6575,0.9692,16.1214,51800.8432,979.1493,1362.5903,58.9728,0.0002412603187760961,0.07788780326248398,0.0063746216858867645
439_441,NeuralTextures,fake,305.0,61.0,61.0,1.0,102.3436,1.9715,99.1065,107.0994,1.064,0.4628,0.3403,2.5267,0.3804,0.0535,0.1915,0.4685,5.171,3.6762,1.2955,24.1074,66796.517,813.4461,776.8504,60.9597,0.00010122408081398779,0.04113303998458398,0.003578898676451827
441_439,NeuralTextures,fake,305.0,61.0,61.0,1.0,107.5409,3.6219,101.5195,114.9682,1.3642,0.9065,0.115,4.9155,0.259,0.0383,0.1418,0.3255,5.9355,4.0066,1.1741,17.4736,77182.3413,1109.3596,700.2471,29.8096,6.858159579923727e-05,0.0671411985366425,0.0032058293393152637
448_361,NeuralTextures,fake,455.0,91.0,91.0,1.0,87.7701,0.4161,86.4408,88.3136,0.73,0.3505,0.1935,1.6803,0.2332,0.0378,0.1396,0.3295,13.4183,13.3859,2.4737,71.9882,56386.7591,537.9416,955.0274,32.6275,0.0005593761853249512,0.2262355099207251,0.004172937696787647
452_550,NeuralTextures,fake,444.0,88.0,88.0,1.0,64.5749,0.6821,61.34,65.862,0.9431,0.2885,0.5826,1.9662,0.4051,0.0415,0.2993,0.5012,5.8646,4.8677,0.637,26.5228,42734.6785,470.2968,1642.6935,66.9224,0.000302821567805381,0.05375184155847671,0.00669360439633316
456_435,NeuralTextures,fake,476.0,95.0,95.0,1.0,114.6717,14.3186,87.0164,134.1579,1.2405,0.8502,0.5618,5.553,0.2427,0.0339,0.1405,0.3167,15.4898,60.2105,1.092,423.5797,62251.9525,3219.009,1729.8106,157.2109,0.00012242549260422326,0.12985079124571708,0.006937951417110676
468_470,NeuralTextures,fake,597.0,100.0,100.0,1.0,93.7124,2.1359,90.5114,99.5735,0.7356,0.4297,0.1822,2.5294,0.2894,0.0308,0.1903,0.3923,5.7574,4.1908,1.1089,23.8454,52284.6072,1221.52,878.7291,125.9942,0.00015458881695395302,0.05063931040568176,0.005375585307342046
469_481,NeuralTextures,fake,414.0,82.0,82.0,1.0,118.4847,2.568,110.3342,124.8489,1.9258,0.9941,0.4747,5.2742,0.2359,0.0469,0.1401,0.3031,5.8037,4.8397,0.7875,31.0662,57161.3532,1748.7819,618.7387,65.7934,0.00018903161273821738,0.08236302195722,0.006577069846945853
470_468,NeuralTextures,fake,597.0,100.0,100.0,1.0,55.3266,0.5293,54.429,56.899,0.626,0.3754,0.0667,1.6975,0.3147,0.0422,0.2158,0.4215,8.4683,5.4075,1.1263,22.6825,47257.1923,1007.2018,1540.2123,29.8469,7.240233621002881e-05,0.0689936084886292,0.00546517664525802
479_706,NeuralTextures,fake,328.0,65.0,65.0,1.0,124.9116,0.454,123.7087,125.8605,0.655,0.2266,0.2378,1.3734,0.3307,0.0283,0.1859,0.3867,10.9351,5.3372,3.4415,30.2459,73456.5549,629.1324,1111.1764,59.026,0.00018564754812007585,0.11106960987183376,0.0028064105966944313
481_469,NeuralTextures,fake,414.0,82.0,82.0,1.0,69.0122,1.9857,65.4724,74.2327,1.8899,0.8342,0.6697,4.5116,0.322,0.0501,0.1334,0.3839,7.4525,6.0711,1.2887,29.4666,63259.2959,2990.0663,1681.86,180.7473,0.00011771515502088443,0.11850716829599203,0.004268146474659117
488_399,NeuralTextures,fake,518.0,100.0,100.0,1.0,89.0194,0.9337,87.0015,91.427,1.0862,0.4097,0.274,2.2303,0.2076,0.0448,0.1009,0.3304,6.2009,3.3317,1.7054,20.3409,65612.1464,479.6056,721.475,52.5284,9.081425044335483e-05,0.08648347146547214,0.0021216978042516727
520_542,NeuralTextures,fake,320.0,64.0,64.0,1.0,107.8325,0.3269,107.2673,108.8782,0.5217,0.2376,0.1243,1.1166,0.3146,0.064,0.1581,0.4041,9.9229,6.996,2.1684,41.9687,61495.0427,372.3425,1212.3887,30.764,0.000535715838971662,0.18120370428545352,0.0053256690150556285
522_337,NeuralTextures,fake,331.0,66.0,66.0,1.0,78.9958,1.3043,75.9955,81.9504,0.3745,0.3445,0.0067,1.6239,0.2615,0.0415,0.1805,0.4,1.7305,1.3921,0.359,7.36,48283.0027,2078.0584,1347.6804,63.4033,0.00015021017271411318,0.07035159720095842,0.003091754523255617
529_633,NeuralTextures,fake,335.0,67.0,67.0,1.0,88.9169,2.3656,81.0719,94.4144,0.7202,0.3958,0.1717,1.881,0.3448,0.0395,0.2,0.3998,7.3094,6.1706,1.4688,28.6946,52687.9802,2579.8628,889.9048,52.7441,0.00018842111375140034,0.16170645912395804,0.003874530325700008
542_520,NeuralTextures,fake,320.0,64.0,64.0,1.0,81.5353,1.0754,80.4651,84.4009,0.4348,0.4952,0.0599,3.6887,0.3674,0.0626,0.1849,0.4797,6.8721,6.6951,1.4214,31.1507,54630.8698,541.5344,1597.5509,18.0735,0.00011610207693051742,0.0841524397104386,0.007429153427107567
550_452,NeuralTextures,fake,444.0,88.0,88.0,1.0,128.5736,0.2043,128.238,129.1265,1.1378,0.3667,0.0027,1.9331,0.3682,0.0405,0.2207,0.4556,1.4,1.1339,0.3038,6.3462,56969.7349,143.1293,2015.102,37.6263,7.981835380663358e-05,0.05776778293342779,0.002209546545951733
554_572,NeuralTextures,fake,347.0,69.0,69.0,1.0,191.0841,0.3134,189.7709,191.344,0.3648,0.2682,0.033,1.0264,0.306,0.0593,0.1476,0.4342,5.3649,2.8867,1.2619,14.261,86297.2707,212.5355,1353.0367,23.35,0.0002498911770997246,0.06339746828952694,0.0035697033185949265
556_588,NeuralTextures,fake,372.0,74.0,74.0,1.0,75.4357,0.5745,73.1435,76.5249,0.7601,0.4988,0.1155,2.5619,0.3013,0.0469,0.179,0.3632,6.4128,5.2263,0.4274,22.5623,45153.1656,713.1355,710.6185,37.8211,7.533879185162702e-05,0.13883749961943062,0.0030255159888187646
565_589,NeuralTextures,fake,430.0,86.0,86.0,1.0,103.3996,4.4131,99.934,113.9912,0.4921,0.6752,0.1008,4.3207,0.2844,0.0428,0.1705,0.3503,2.9356,1.6013,1.0082,9.4086,66146.3757,3257.3645,1480.2625,52.6711,7.107361570333263e-05,0.04650400484914132,0.005866232825705548
568_628,NeuralTextures,fake,570.0,100.0,100.0,1.0,115.4495,2.7983,107.3187,117.252,0.3993,0.1757,0.1417,0.9392,0.2802,0.0292,0.1832,0.3302,2.7591,1.3985,0.6688,7.3368,60434.1999,654.1889,1221.7269,45.1702,4.760437328624399e-05,0.0635783500088278,0.002908556559442704
572_554,NeuralTextures,fake,347.0,69.0,69.0,1.0,85.4846,3.0202,73.1788,86.71,0.8777,0.5804,0.1321,4.0949,0.2907,0.054,0.1137,0.3569,10.1943,6.7941,1.6329,28.3661,69586.4751,2613.4765,1875.6223,87.3649,7.865580996396702e-05,0.09986266698587973,0.0041718803771534085
585_599,NeuralTextures,fake,359.0,71.0,71.0,1.0,82.4713,1.5407,80.1654,86.1962,0.7511,0.5787,0.2006,3.6412,0.2199,0.05,0.0886,0.3138,5.2062,2.5221,1.5366,14.3059,61088.8325,2716.7659,1205.8273,96.3498,0.0001448587818977989,0.039840476737719566,0.002271077170309086
588_556,NeuralTextures,fake,372.0,74.0,74.0,1.0,102.5443,0.399,101.6657,103.5074,0.6897,0.5654,0.0721,3.3133,0.3581,0.044,0.1992,0.418,6.8151,4.0462,1.3404,19.7098,61316.7426,698.2065,870.0534,18.7909,8.754642625455966e-05,0.22273440846251163,0.006241962114517128
589_565,NeuralTextures,fake,430.0,86.0,86.0,1.0,125.3546,1.2897,123.9479,129.291,0.5901,0.5383,0.069,2.7261,0.3533,0.0285,0.2337,0.4055,3.9169,3.8251,0.5599,17.9683,63000.2928,878.4192,1679.2441,117.3209,8.873827558649411e-05,0.11463177870690326,0.007153545933317433
596_609,NeuralTextures,fake,489.0,97.0,97.0,1.0,123.0206,0.4155,122.1537,124.104,0.7152,0.2318,0.2712,1.5361,0.3498,0.0297,0.2373,0.4007,2.2702,2.0626,0.5659,12.313,60400.0251,652.6797,1482.9877,48.2684,0.0002136348330311658,0.06399661258743213,0.005092496938013832
598_178,NeuralTextures,fake,521.0,100.0,100.0,1.0,141.4411,0.2032,141.0072,141.7928,0.2856,0.2314,0.0306,1.4417,0.3659,0.0348,0.2427,0.4426,1.4483,0.8382,0.3737,4.497,92197.4962,215.4333,1424.0401,55.9549,0.0002759770857838996,0.11325255276498154,0.005047165383335033
599_585,NeuralTextures,fake,359.0,71.0,71.0,1.0,64.6268,1.6072,60.9598,68.5057,1.3851,0.738,0.2474,3.2075,0.2674,0.0397,0.1788,0.3613,10.8264,7.9333,1.7385,36.4995,38279.4077,1518.2875,1773.4521,127.7474,6.104538060524752e-05,0.08596666561136053,0.0045270974708201284
607_683,NeuralTextures,fake,302.0,60.0,60.0,1.0,112.9055,1.0049,111.0776,114.6019,0.5394,0.2335,0.1863,1.2041,0.2998,0.0701,0.1484,0.3867,15.9841,7.4218,6.721,41.7478,58516.2759,587.6006,942.9284,55.9897,0.00024021380810062407,0.14786277973743853,0.00471469925454411
609_596,NeuralTextures,fake,489.0,97.0,97.0,1.0,98.8165,11.3531,78.6852,115.3452,2.6767,1.8532,0.316,7.0851,0.3179,0.0488,0.1934,0.403,3.7507,2.4747,0.6359,10.8235,64004.5176,6874.114,1545.3149,74.5903,0.0002323143508267969,0.08089627311977568,0.003662277109141961
611_760,NeuralTextures,fake,306.0,61.0,61.0,1.0,153.8305,1.4039,150.3459,155.3187,0.3295,0.1441,0.0527,0.6654,0.267,0.0516,0.1357,0.3757,2.2089,1.2925,0.4969,7.3891,86676.3226,663.1023,1075.4326,60.0435,0.0003970612848643713,0.04088911796848688,0.00744576312797446
614_616,NeuralTextures,fake,507.0,100.0,100.0,1.0,87.5967,2.2115,79.7611,90.8193,0.5039,0.3634,0.1957,2.7158,0.2864,0.0283,0.1888,0.342,2.6294,2.3921,0.2855,14.8426,68306.3145,1383.0486,1713.3113,93.0963,6.668465736849311e-05,0.09569504526600212,0.004940324605304062
615_687,NeuralTextures,fake,452.0,90.0,90.0,1.0,156.4738,1.2733,153.3508,160.5051,0.6212,0.3722,0.2316,2.4968,0.3375,0.0485,0.1584,0.4123,5.3316,2.9909,1.4648,14.9065,80780.0948,1514.3406,1597.9577,83.2996,0.00018090164008697317,0.088916785735414,0.002569342113138622
616_614,NeuralTextures,fake,507.0,100.0,100.0,1.0,82.4856,2.188,75.7011,88.7429,0.9294,0.8918,0.0618,5.9886,0.2903,0.0257,0.2361,0.3502,4.0546,2.8366,0.6223,13.5186,61897.8998,1073.2363,1333.8441,85.2286,8.570295698758096e-05,0.11192120557542903,0.0041861312240106365
623_630,NeuralTextures,fake,352.0,70.0,70.0,1.0,72.2464,1.3736,68.4168,75.1609,0.4685,0.2527,0.1649,1.3514,0.3787,0.0235,0.333,0.4309,2.4703,1.7759,0.6567,12.0928,51620.7233,1472.2243,1899.6429,134.5097,0.00011334803740672706,0.08250305816237845,0.004681404608025582
628_568,NeuralTextures,fake,570.0,100.0,100.0,1.0,71.298,0.2306,70.6075,71.9839,1.2363,0.3147,0.7782,2.2565,0.3367,0.029,0.2263,0.3853,3.6527,2.83,0.6542,13.7291,37162.633,263.9235,1118.4537,44.3279,5.4830104607907225e-05,0.2307447519338567,0.003659678277354617
630_623,NeuralTextures,fake,352.0,70.0,70.0,1.0,74.2064,5.4414,66.4895,84.0605,1.9485,1.6969,0.0602,6.4935,0.3013,0.0365,0.2238,0.3675,2.2385,1.2643,0.8119,6.2178,42454.4684,8001.5849,1351.0715,135.8595,0.00013155203953579844,0.06006315719038813,0.0028371159264495103
633_529,NeuralTextures,fake,335.0,67.0,67.0,1.0,105.5137,1.0157,103.4615,107.8197,0.8371,0.4202,0.1926,2.2777,0.3537,0.0681,0.185,0.4296,7.0448,5.3693,1.9686,28.3956,66551.8563,708.1033,1225.653,46.2276,0.00020224002869419924,0.1423671792439532,0.004008775692645937
635_642,NeuralTextures,fake,573.0,100.0,100.0,1.0,101.8771,0.1809,101.5336,102.5148,0.3819,0.1451,0.1705,0.9058,0.2618,0.0381,0.1676,0.3361,3.2774,2.2476,0.8631,14.042,55522.6434,273.8775,2089.4216,45.0121,9.5400185758967e-05,0.10784656893594738,0.004636801346661603
642_635,NeuralTextures,fake,573.0,100.0,100.0,1.0,151.1932,12.2222,131.0336,166.216,1.8305,0.6929,0.5882,3.5746,0.3773,0.0293,0.2968,0.4737,3.3754,2.7354,0.5608,13.1101,61382.7639,1565.6058,915.115,59.9829,0.00010346085684720357,0.08432820059716822,0.004519402322375167
644_657,NeuralTextures,fake,413.0,82.0,82.0,1.0,91.214,0.845,89.5292,92.5976,1.0079,0.3673,0.4188,3.1294,0.3036,0.047,0.1662,0.3724,4.4793,3.2552,0.9762,20.5172,52910.7985,770.4006,1597.039,62.7454,8.012818288925888e-05,0.13255009438239274,0.007379802895626957
645_688,NeuralTextures,fake,554.0,100.0,100.0,1.0,74.5971,2.2865,69.8589,79.2477,1.6269,0.5687,0.4358,3.5495,0.3119,0.0748,0.1275,0.4043,16.5162,12.7236,2.5351,85.7862,50854.0856,1570.8535,1331.5514,68.2684,0.00025690422192213726,0.16587920048440188,0.004407990089469176
648_654,NeuralTextures,fake,410.0,82.0,82.0,1.0,72.672,2.016,64.081,73.5626,0.4613,0.5812,0.1573,3.85,0.2988,0.0385,0.1943,0.3871,2.8598,2.1488,0.3357,10.4712,55051.2008,2013.0162,1623.9001,101.79,7.992358423991494e-05,0.11529947508798274,0.0036939378969179726
649_816,NeuralTextures,fake,411.0,82.0,82.0,1.0,96.8443,0.1777,96.4856,97.3255,0.2966,0.2209,0.0509,1.3625,0.2878,0.0452,0.1814,0.3503,4.0435,2.5031,0.8464,11.678,58610.9473,121.0221,1179.9083,25.2667,0.00028223790393128764,0.08357912975870903,0.002787195209619824
651_835,NeuralTextures,fake,380.0,76.0,76.0,1.0,81.9079,0.4374,80.9025,83.1079,1.4791,0.5142,0.4977,3.0737,0.307,0.0627,0.1806,0.4019,11.1589,8.0953,2.2426,37.5894,53454.8374,460.2874,1882.2647,65.1766,6.228378914031791e-05,0.28325855895121477,0.005684664498792504
654_648,NeuralTextures,fake,410.0,82.0,82.0,1.0,36.0209,0.2528,35.6799,36.7846,0.3082,0.1316,0.1898,1.0111,0.332,0.0608,0.1935,0.4247,2.3443,2.2561,0.5201,15.1766,32016.5944,318.9558,1195.3818,52.1621,9.34006987148122e-05,0.07587984893663366,0.00514407523120715
657_644,NeuralTextures,fake,413.0,82.0,82.0,1.0,130.8319,10.1929,112.1082,141.9517,1.9764,0.8299,0.723,4.6544,0.3127,0.0382,0.2045,0.4231,7.0783,5.603,0.9417,27.8863,55165.9478,4478.6452,899.8153,49.7535,0.00013426985284905146,0.1345290747975629,0.0034361972859599963
661_670,NeuralTextures,fake,481.0,96.0,96.0,1.0,115.586,5.7208,106.9148,127.3588,1.5857,1.0945,0.3317,6.662,0.2247,0.0329,0.1532,0.3037,5.4822,3.4332,1.2074,19.5602,69839.9982,1820.9673,1872.2679,97.3365,8.621888705211101e-05,0.0699316865995759,0.004236353293772796
664_668,NeuralTextures,fake,293.0,58.0,58.0,1.0,75.8727,3.9411,69.8083,81.1171,0.8341,0.4434,0.1958,2.1413,0.3127,0.0517,0.1885,0.4054,7.3144,4.4549,0.9866,18.8679,70689.4027,3689.887,1655.0256,108.4158,0.00021035544850836146,0.14246476962101037,0.004948083514524444
665_679,NeuralTextures,fake,324.0,64.0,64.0,1.0,139.419,0.2675,139.0022,140.0284,0.1891,0.1205,0.0497,0.5767,0.2963,0.0396,0.1492,0.3563,2.4985,1.9781,0.6369,10.9853,79009.2435,196.9936,1410.0564,12.4415,5.1520700620575866e-05,0.06823804709090889,0.004793299768980661
668_664,NeuralTextures,fake,293.0,58.0,58.0,1.0,63.3859,0.7937,61.95,66.2666,0.8501,0.3625,0.352,2.5288,0.2902,0.0434,0.1896,0.3535,3.8834,2.7439,0.6136,12.5486,43472.2485,685.4367,790.4403,50.4801,0.0003918227004251051,0.06788198233348001,0.0054249036496692845
670_661,NeuralTextures,fake,481.0,96.0,96.0,1.0,114.7317,2.0843,108.7578,118.7794,0.7906,0.4832,0.1556,3.0835,0.3424,0.0404,0.1995,0.4314,4.2901,4.2341,0.746,26.1374,70556.3155,3455.0426,1080.9921,97.1887,0.00030081719270650477,0.052119729043104676,0.002832434302690502
671_677,NeuralTextures,fake,314.0,62.0,62.0,1.0,84.3689,1.0776,82.2129,86.3923,1.077,0.4521,0.3366,2.874,0.3353,0.037,0.2086,0.3838,11.0802,7.7164,2.6009,45.9176,48036.9116,1050.144,1053.6327,35.3178,0.000177759846380226,0.07824493440959693,0.0033490079932929763
672_720,NeuralTextures,fake,541.0,100.0,100.0,1.0,46.1027,0.2226,45.6088,46.5687,0.2258,0.1343,0.065,0.6379,0.3384,0.0709,0.1592,0.4695,5.0258,4.1305,1.1116,20.3897,43553.1906,215.9372,1157.4229,34.7235,0.00021475991658401577,0.1435165604778749,0.0041659980162830285
677_671,NeuralTextures,fake,314.0,62.0,62.0,1.0,99.0332,0.7247,97.1875,100.8223,0.7962,0.5124,0.1755,3.8636,0.3013,0.0648,0.141,0.4158,9.7816,7.9156,1.5409,41.347,67554.2645,379.2116,857.7469,35.4677,9.922564271662134e-05,0.1290621494345261,0.00326322711004025
679_665,NeuralTextures,fake,324.0,64.0,62.0,0.9688,121.1341,4.3552,114.9277,128.7757,0.8639,1.1752,0.0807,7.2815,0.3393,0.0409,0.2111,0.4681,5.9179,4.589,1.0714,20.9726,68494.484,1518.3376,1290.1157,35.9349,0.0002536276996151456,0.2178024320448496,0.005103955543617988
683_607,NeuralTextures,fake,302.0,60.0,60.0,1.0,169.052,1.8076,164.4325,171.868,0.7889,0.3177,0.3041,1.9063,0.3235,0.1005,0.1477,0.4542,18.3327,10.4429,5.0226,66.3632,79576.3091,1922.6846,1036.2595,50.136,8.18741768640538e-05,0.3277319639589261,0.0029262273051305584
687_615,NeuralTextures,fake,452.0,90.0,90.0,1.0,111.9434,1.2329,108.2032,116.1568,0.3279,0.1944,0.1498,1.363,0.3356,0.0388,0.2119,0.4081,3.1201,2.3425,0.8647,11.7447,66720.9362,1691.7602,1615.5618,99.9077,0.00010941375559281529,0.08643810500383642,0.004576724565453858
688_645,NeuralTextures,fake,554.0,100.0,100.0,1.0,69.0223,1.97,64.7212,74.2962,0.8019,0.3715,0.1846,1.8169,0.2309,0.1213,0.0292,0.4451,11.0337,6.3608,1.4362,39.2457,47518.5134,2224.6425,890.0875,50.4518,0.0003963823598639885,0.05310513695459092,0.002733006628885317
706_479,NeuralTextures,fake,328.0,65.0,65.0,1.0,115.5059,1.1483,112.0046,117.4112,1.3313,0.6183,0.3616,3.9005,0.3557,0.0964,0.1337,0.4511,22.3476,14.6017,6.0705,63.1457,51910.0125,1309.5989,1256.0303,58.1158,0.0004405463642647147,0.09196768669500076,0.003789730903254935
712_716,NeuralTextures,fake,550.0,100.0,100.0,1.0,77.4131,1.476,67.5966,79.1496,0.6225,0.6512,0.1426,4.2095,0.3433,0.0387,0.2326,0.4404,4.4507,3.32,0.5513,20.2283,59043.2738,1916.2632,1374.5849,66.7062,0.0001112380971989925,0.26696186312913467,0.0049142347327441275
716_712,NeuralTextures,fake,550.0,100.0,100.0,1.0,101.9898,0.3719,101.3013,103.4213,1.2797,0.495,0.6729,3.6805,0.2742,0.0402,0.1338,0.3418,3.9305,3.17,0.4006,15.6344,55138.8882,259.0672,1632.2063,54.5414,9.967875358771921e-05,0.1254423873929344,0.0061662492363206345
719_737,NeuralTextures,fake,369.0,73.0,73.0,1.0,135.1303,4.1083,127.9947,138.7111,0.3292,0.2909,0.0398,1.5502,0.3239,0.0324,0.1965,0.3769,2.8148,2.3219,0.4716,11.781,67040.287,1999.327,1249.7722,94.4867,6.552076894724726e-05,0.08325481779295973,0.005146120879207904
720_672,NeuralTextures,fake,541.0,100.0,100.0,1.0,124.6972,1.2015,121.1203,127.1735,0.997,0.5882,0.2551,2.9922,0.3317,0.0542,0.1653,0.3984,7.7852,6.3103,1.1044,34.851,80584.7016,1551.9597,1278.8743,42.6997,0.00020618643049321073,0.1872050243082521,0.003748689674072468
737_719,NeuralTextures,fake,369.0,73.0,73.0,1.0,67.7464,2.7748,63.0641,73.609,1.0364,0.5979,0.2238,3.6293,0.3103,0.0442,0.1164,0.3727,3.4114,2.1727,0.3945,11.2926,44381.4216,996.7657,1016.1311,88.6473,4.5017407095773005e-05,0.08876754190451813,0.008827248948756333
760_611,NeuralTextures,fake,306.0,61.0,61.0,1.0,98.3408,2.0099,95.1486,101.6739,1.2144,0.4493,0.4703,2.4472,0.2946,0.0304,0.2268,0.3559,6.4645,4.5216,1.1824,19.7737,48736.8798,1395.9459,1797.9137,37.2674,0.0001743764146809909,0.06818817577233958,0.006325157688557757
771_849,NeuralTextures,fake,322.0,64.0,64.0,1.0,127.1488,5.2196,120.347,133.3467,0.321,0.2689,0.026,1.7267,0.3389,0.0302,0.2625,0.4017,2.8244,2.0031,0.785,8.0547,87136.2701,2293.6528,1486.2457,61.1544,4.9082480998082085e-05,0.09051516233457095,0.0027784971077022386
779_794,NeuralTextures,fake,306.0,61.0,61.0,1.0,105.5272,0.813,104.5109,106.7774,0.2543,0.1336,0.0601,0.6389,0.2719,0.0247,0.204,0.3296,4.3308,3.532,1.2004,22.9448,67123.5557,646.271,1886.2939,39.7517,0.00016214379357193558,0.027286848304990435,0.002555603504044657
786_819,NeuralTextures,fake,520.0,100.0,100.0,1.0,82.8579,2.7174,75.3843,89.2974,2.0987,0.8194,0.6061,3.8717,0.3254,0.026,0.2425,0.3953,22.1286,15.484,2.8696,71.5893,51446.4255,1338.2263,746.4885,75.7402,0.0001801752870687226,0.08619873818980682,0.0022693403501223438
794_779,NeuralTextures,fake,306.0,61.0,61.0,1.0,109.0213,17.6787,91.8034,140.7695,1.2314,1.0479,0.3457,7.1164,0.3013,0.0514,0.1589,0.3942,5.2343,3.4599,1.0768,18.9036,64293.9282,4928.802,2103.3926,217.4043,0.00026864970227349775,0.12969764946100032,0.006176290909855529
811_920,NeuralTextures,fake,371.0,74.0,74.0,1.0,84.0481,4.1582,79.4483,90.5401,0.7204,1.2195,0.0635,8.2767,0.2785,0.0522,0.1638,0.3788,6.7731,6.3273,1.2927,29.2682,54857.6237,3173.1689,1696.8018,68.051,0.00013367733538624852,0.31586619052052833,0.0023251793347254094
816_649,NeuralTextures,fake,411.0,82.0,82.0,1.0,124.3262,1.2629,118.7864,126.3095,1.0348,0.7189,0.2942,4.1857,0.3426,0.0578,0.1504,0.4236,6.7375,4.2209,1.2682,29.1465,51393.0484,658.8192,369.5354,41.2718,0.00016799607187358833,0.05565026560173451,0.005098325691845935
817_827,NeuralTextures,fake,311.0,62.0,62.0,1.0,102.1563,0.4868,101.2733,103.9101,0.5756,0.2783,0.0699,1.5768,0.2579,0.0773,0.0684,0.3675,6.5398,5.0485,0.7202,20.0177,62951.3466,644.324,1484.1416,32.622,9.072309853944892e-05,0.11819475336722415,0.004010251271158065
819_786,NeuralTextures,fake,520.0,100.0,100.0,1.0,128.1614,0.207,127.7063,128.6078,0.4237,0.1983,0.0901,1.1024,0.2849,0.0467,0.1641,0.3406,5.691,2.4721,1.2388,14.2548,71832.2688,180.6388,977.79,27.2839,0.00010321799011718298,0.04895519025801446,0.006822624970326278
827_817,NeuralTextures,fake,311.0,62.0,62.0,1.0,100.8181,1.7979,95.2424,103.2453,0.9982,0.5206,0.564,3.8679,0.4524,0.0475,0.3093,0.5179,1.8529,1.5606,0.4361,6.7762,81773.4848,966.4373,1754.4138,69.843,0.00010894440315523659,0.09373189081006791,0.003743361709676934
828_830,NeuralTextures,fake,319.0,63.0,63.0,1.0,77.7744,0.3553,76.8491,78.5156,0.656,0.5122,0.1548,2.2204,0.2885,0.0309,0.1906,0.3447,3.093,2.6011,0.6015,14.9218,40907.3065,385.8393,1415.6902,56.6414,8.8823268803695e-05,0.044736263593752754,0.0020184269592247116
830_828,NeuralTextures,fake,319.0,63.0,63.0,1.0,77.2055,1.5831,74.8505,79.4764,0.461,0.2613,0.1021,1.2743,0.3555,0.0505,0.1936,0.4552,2.8719,2.5707,0.6517,12.3498,49381.9187,581.4471,1883.2835,29.3136,0.00010610202358423656,0.025020875809571453,0.007751578033565294
834_852,NeuralTextures,fake,303.0,60.0,60.0,1.0,118.7498,2.1559,115.692,125.9209,0.8994,0.5833,0.2424,2.5819,0.2309,0.0223,0.1812,0.3087,2.708,1.6986,0.8059,7.7003,67257.6684,1160.3721,1834.6433,72.3878,7.426287153416642e-05,0.04091539768229986,0.004520500251405522
835_651,NeuralTextures,fake,380.0,76.0,76.0,1.0,66.12,0.3528,65.0635,66.8314,0.6387,0.2375,0.3459,1.3621,0.3201,0.0347,0.2103,0.3903,7.7576,7.3107,1.5289,30.1521,42952.5644,238.4435,1991.753,80.8786,3.3805095002909035e-05,0.1464743856040313,0.002614622359885858
849_771,NeuralTextures,fake,322.0,64.0,64.0,1.0,86.0287,0.2878,85.4464,86.6485,0.973,0.2539,0.5354,1.7901,0.2594,0.0506,0.0823,0.3309,2.1022,2.0187,0.3504,12.9234,42712.5925,418.0556,2400.8966,79.6707,7.386534858695395e-05,0.04745122916714946,0.005737261518225497
852_834,NeuralTextures,fake,303.0,60.0,60.0,1.0,153.4306,0.2509,152.8061,153.9792,0.1495,0.116,0.027,0.5826,0.2239,0.0607,0.0943,0.3226,2.7796,2.1784,0.463,8.4217,78838.7021,160.4681,1570.3688,25.2569,0.00012774092292850746,0.07798717227213021,0.0033904044679182715
853_863,NeuralTextures,fake,513.0,100.0,100.0,1.0,116.1188,1.0486,113.8929,118.4439,0.6773,0.3569,0.1127,2.0144,0.2782,0.0672,0.1444,0.3887,8.9501,6.219,1.6439,29.2883,62560.237,1122.6648,1442.7797,44.479,0.0005911914014664916,0.29443584236957876,0.003827251055545813
863_853,NeuralTextures,fake,513.0,100.0,100.0,1.0,177.0514,4.5243,157.5942,181.2414,0.903,0.6555,0.1995,3.1833,0.2879,0.0491,0.1373,0.3637,6.505,4.2691,1.4586,24.051,86759.4625,1411.6243,790.3062,56.8175,0.00029685978375094507,0.04894439661648642,0.0033393277516034266
866_878,NeuralTextures,fake,509.0,100.0,100.0,1.0,42.1269,0.5005,41.3652,43.5265,0.6059,0.3386,0.0992,1.5453,0.2432,0.0636,0.1327,0.5069,13.4249,10.3616,1.6139,50.6016,29098.2137,896.9197,958.0583,46.0923,0.00015727253858815923,0.2791178306041985,0.009126400193676497
876_891,NeuralTextures,fake,296.0,59.0,59.0,1.0,95.039,0.0453,94.9512,95.1609,0.1001,0.0822,0.0172,0.5445,0.2277,0.0204,0.1717,0.2807,2.3569,1.2392,0.5928,5.5946,60313.5514,68.4806,1959.0387,20.3486,4.763385889872337e-05,0.10359201740137483,0.004592741846092834
878_866,NeuralTextures,fake,509.0,100.0,100.0,1.0,116.083,1.2942,114.853,118.7656,0.5092,0.3839,0.0859,1.8769,0.3201,0.0647,0.1307,0.47,6.3951,4.8772,1.674,31.0604,51370.3798,559.7179,878.0739,174.0407,0.00010909743398459142,0.2646549037008251,0.0017701149732092733
882_952,NeuralTextures,fake,333.0,66.0,66.0,1.0,182.8857,1.6139,179.4439,185.3273,1.3257,0.4483,0.612,2.984,0.3218,0.0428,0.1852,0.375,12.597,13.0489,2.3511,92.7002,81461.1618,1539.2027,1413.0743,65.014,0.00019569991360310668,0.1413822751181871,0.0035191511922483217
891_876,NeuralTextures,fake,296.0,59.0,56.0,0.9492,62.314,0.9296,60.6537,64.1947,0.9115,0.3157,0.3008,1.5633,0.2603,0.0842,0.1186,0.4372,13.3412,11.1882,1.5238,66.3264,42626.3738,853.0861,1462.3575,93.0665,0.00018114164669188952,0.22299554958290693,0.005848540331453058
892_112,NeuralTextures,fake,311.0,62.0,62.0,1.0,104.0098,0.9456,102.5966,106.5427,0.8457,0.2981,0.3243,1.8544,0.3126,0.1115,0.0807,0.4695,18.9244,9.9309,5.08,56.2529,58298.356,751.8107,1381.5859,48.1005,0.00017633393558514382,0.11961215374388393,0.005713599040055493
896_128,NeuralTextures,fake,531.0,100.0,100.0,1.0,111.2877,0.2145,110.6994,111.7871,0.2451,0.7522,0.0085,7.4811,0.2614,0.0304,0.1905,0.3596,2.121,1.6292,0.1826,7.3913,78907.1737,216.5585,1254.366,39.7053,7.562207974498256e-05,0.0649627899971521,0.005512241909103001
897_969,NeuralTextures,fake,333.0,66.0,65.0,0.9848,90.1345,0.605,88.2897,91.2761,0.5664,0.3185,0.0895,1.5404,0.3562,0.0453,0.2602,0.4531,3.8659,2.9321,0.4274,16.358,51318.6321,538.5746,1766.7966,46.9878,0.00013288757045063447,0.0894687355324415,0.006685113083217007
904_046,NeuralTextures,fake,359.0,71.0,71.0,1.0,53.336,2.9846,47.294,58.2675,1.1235,0.3293,0.5654,2.1755,0.279,0.0454,0.1196,0.3596,7.8538,5.2169,1.8554,25.8483,58850.4036,3382.757,1020.4169,88.0523,0.00022957421938708637,0.04288364826890815,0.005657717058266163
917_924,NeuralTextures,fake,448.0,89.0,89.0,1.0,104.7944,7.3466,93.6934,115.3878,2.0504,0.7716,0.5674,4.1799,0.3805,0.0473,0.2041,0.4595,5.6223,3.1704,1.1339,14.0292,54846.0974,3153.7711,699.0395,42.5564,4.485780602966356e-05,0.08570491783454597,0.006045737695371254
919_015,NeuralTextures,fake,437.0,87.0,87.0,1.0,28.0373,0.922,26.4244,30.1513,0.5646,0.3834,0.0631,2.373,0.2632,0.0294,0.1916,0.3563,3.6626,2.4997,0.7711,14.2449,29013.4767,999.0692,903.2927,70.1566,0.00016140369971655524,0.07280685682848313,0.003251166492137085
920_811,NeuralTextures,fake,371.0,74.0,74.0,1.0,109.9234,4.5946,79.6002,113.0029,0.761,0.4975,0.0921,2.6498,0.3095,0.0344,0.1651,0.356,10.8933,7.6204,1.6193,38.9726,64301.4608,3649.2475,1508.4707,205.5869,5.333824837017002e-05,0.1419979300187427,0.010206336315872332
924_917,NeuralTextures,fake,448.0,89.0,89.0,1.0,89.0302,0.3978,87.5393,89.6392,0.4818,0.3379,0.1121,2.4406,0.347,0.0311,0.2304,0.4017,2.4783,1.3581,0.5168,7.2301,58844.1773,446.1376,1308.9702,30.2101,3.089221119749506e-05,0.08900894855560357,0.003671605769681041
938_987,NeuralTextures,fake,369.0,73.0,73.0,1.0,71.4552,1.0043,70.0836,74.4119,0.819,0.5706,0.0367,4.5327,0.2863,0.0301,0.2066,0.3578,2.0728,1.0131,0.5523,5.0732,40140.4336,1049.4293,1960.3598,103.0311,4.7590198705281196e-05,0.1381382633823405,0.005181555443596828
942_943,NeuralTextures,fake,470.0,94.0,94.0,1.0,109.4823,1.6432,101.4169,113.6827,0.5779,0.3602,0.1598,2.2234,0.2911,0.0301,0.1329,0.3378,4.7035,3.5205,0.965,15.9385,57902.3963,1276.5504,1144.7975,108.7489,2.9281606605723612e-05,0.2346403452933412,0.0042392488140457546
943_942,NeuralTextures,fake,470.0,94.0,94.0,1.0,108.1251,0.4801,107.4152,110.111,0.3868,0.2851,0.0339,1.333,0.2447,0.0472,0.1623,0.3683,8.8862,7.2315,1.023,30.7253,59685.656,352.7407,832.3404,58.7011,0.00028544824189204496,0.21092020527805883,0.007162560177858318
944_032,NeuralTextures,fake,310.0,62.0,62.0,1.0,75.0305,2.2338,72.6788,80.8214,0.5083,0.4177,0.0632,1.7332,0.3657,0.0711,0.2167,0.461,5.8634,6.4153,0.7885,42.2794,46528.9974,828.2587,998.4756,24.4958,0.00012538528078000024,0.07543618148979055,0.005084675740385392
945_044,NeuralTextures,fake,335.0,67.0,67.0,1.0,100.8558,0.658,99.8268,102.4409,0.9003,0.5912,0.0465,2.1322,0.2823,0.0351,0.1056,0.3352,5.0578,2.6637,1.4814,13.0708,53334.9311,582.3843,1335.4197,45.9784,0.0002747909066213999,0.1262594416053898,0.004535672573372072
947_951,NeuralTextures,fake,641.0,100.0,100.0,1.0,79.2627,1.2657,75.8908,80.9155,0.5687,0.3055,0.1247,1.459,0.356,0.0536,0.1626,0.421,3.6864,3.0217,0.8803,15.6684,48906.082,1543.6547,1164.8208,132.7456,0.00012928155937620657,0.10300508106753485,0.0038774491032239405
948_965,NeuralTextures,fake,348.0,69.0,69.0,1.0,79.8722,1.6161,76.821,83.0407,1.098,0.4693,0.3651,2.3017,0.3211,0.0544,0.1306,0.3952,14.1677,9.9469,2.9516,70.5009,69609.2452,1430.3295,1177.2509,42.5274,0.00010932670568339292,0.05324807849992076,0.002241187891128771
951_947,NeuralTextures,fake,641.0,100.0,100.0,1.0,64.7746,1.3785,62.9671,67.7552,0.5445,0.367,0.0713,2.8778,0.26,0.0447,0.1445,0.3361,6.5074,5.0815,1.2693,33.2493,56469.4418,2149.1722,1756.6692,65.5776,0.00016569813073837364,0.07637779016640768,0.005791550971812153
952_882,NeuralTextures,fake,333.0,66.0,66.0,1.0,128.7828,0.9081,126.7571,130.8687,1.1204,0.4637,0.4137,2.1712,0.3235,0.0584,0.1699,0.3875,8.2033,3.5736,1.6145,17.1213,67458.138,676.7189,658.3649,40.9591,0.00034960275527077286,0.03714204601631205,0.0036560874399261902
953_974,NeuralTextures,fake,318.0,63.0,63.0,1.0,108.3997,5.6482,100.5589,119.1881,1.4859,1.051,0.4345,5.8006,0.2303,0.0293,0.1642,0.2881,8.6552,4.8792,1.7561,20.1326,68878.6886,3825.3278,2111.191,217.4686,0.000297526130462472,0.13326833281707062,0.0044965127044168055
960_999,NeuralTextures,fake,335.0,67.0,67.0,1.0,96.8438,0.8514,94.9736,98.2284,0.912,0.4408,0.2347,1.9546,0.3635,0.0574,0.2328,0.4901,9.4206,6.4849,1.5113,29.7243,64596.6325,458.7285,1469.6431,88.0232,0.0001999235863781047,0.3448707203485942,0.00523111354342216
965_948,NeuralTextures,fake,348.0,69.0,69.0,1.0,127.6666,2.1135,117.9052,129.7544,0.4874,0.3608,0.1101,1.7049,0.2458,0.0931,0.1177,0.377,12.6149,10.6253,1.7593,48.9364,68459.7678,1233.4026,1476.2949,30.1007,0.00012695766430506793,0.10129959724849844,0.003696411152174598
966_988,NeuralTextures,fake,364.0,72.0,72.0,1.0,97.0626,3.0108,87.7744,101.1261,1.0538,1.354,0.135,10.6471,0.2464,0.0363,0.1191,0.3027,3.2414,2.3495,0.3504,14.4232,86570.6518,2787.3758,2029.7302,166.6911,6.924272852219393e-05,0.08752423990180383,0.0035762589498432636
969_897,NeuralTextures,fake,333.0,66.0,66.0,1.0,81.1644,0.4416,80.2285,82.1654,0.7993,0.1944,0.3914,1.2557,0.3542,0.0496,0.1739,0.4215,2.3073,1.4026,0.3357,8.2832,62337.7093,429.1728,1611.3433,40.905,9.273661678097476e-05,0.11034968681201665,0.0034086697494162006
974_953,NeuralTextures,fake,318.0,63.0,63.0,1.0,90.7159,2.7974,87.6341,96.0641,2.0706,0.7356,0.9052,3.8916,0.2173,0.0363,0.1275,0.2883,9.3651,4.8752,2.0813,23.3151,61862.1476,961.5694,1262.895,72.5783,0.0003257845269321248,0.12844793336950286,0.003416500319568463
980_992,NeuralTextures,fake,383.0,76.0,76.0,1.0,110.8188,3.3479,106.0658,116.4036,1.1239,0.4814,0.4146,3.0786,0.3649,0.0387,0.2644,0.4839,4.5927,4.2288,0.6431,19.6918,62197.5976,1215.2547,1388.8886,59.1188,0.00010360075674768398,0.06039934133095428,0.005365839545862941
981_985,NeuralTextures,fake,343.0,68.0,68.0,1.0,88.0436,1.2511,85.4216,90.1007,1.391,0.4862,0.6067,3.1744,0.3023,0.0696,0.1342,0.4223,4.6515,3.2533,0.637,15.6918,54287.0907,1247.1757,1229.8575,41.2962,0.00010838843522964911,0.1041459995928959,0.004518126541425341
982_004,NeuralTextures,fake,309.0,61.0,61.0,1.0,138.7458,0.1608,138.5028,139.0637,0.3492,0.2291,0.0601,1.0278,0.2822,0.0285,0.2104,0.3294,5.4862,4.0066,0.9184,20.9714,68025.7684,196.6747,1978.9836,13.3956,8.461221129785417e-05,0.12829223682783983,0.00299478447949633
985_981,NeuralTextures,fake,343.0,68.0,68.0,1.0,102.0229,0.5266,100.1883,103.9527,0.5768,0.2572,0.0254,1.6537,0.3051,0.0307,0.2286,0.3698,2.0958,1.4705,0.2328,6.8038,64355.7118,380.2359,1649.0881,49.6596,2.8318459885238647e-05,0.0454840321417793,0.0027804025864802853
986_994,NeuralTextures,fake,316.0,63.0,63.0,1.0,77.9688,1.9575,69.7704,80.4125,0.5821,0.758,0.2004,5.3434,0.3063,0.0349,0.1952,0.3804,2.4273,2.2428,0.5183,11.4508,56855.3911,2599.6346,1754.714,169.1967,0.0001944724412936013,0.12071406636669132,0.004072599513437358
987_938,NeuralTextures,fake,369.0,73.0,73.0,1.0,72.2632,0.6243,71.1002,73.9416,0.4485,0.2475,0.1322,1.2786,0.3346,0.0451,0.1498,0.4401,2.5585,2.1331,0.4924,9.0721,40538.2048,730.5595,1165.7095,88.8963,4.7649818676831646e-05,0.08955435607374869,0.003566809728779177
988_966,NeuralTextures,fake,364.0,72.0,72.0,1.0,103.442,0.3768,102.6831,104.0927,0.5051,0.4606,0.0412,2.7529,0.3672,0.0369,0.2919,0.4809,4.0992,3.4943,0.7297,16.462,49486.1416,772.5512,1780.4833,61.9677,7.313272404452687e-05,0.07428127316086083,0.0043500727049970685
990_008,NeuralTextures,fake,305.0,61.0,61.0,1.0,97.7662,1.0317,95.2758,99.9321,1.1501,0.379,0.6821,2.7446,0.2816,0.0477,0.214,0.4985,2.4811,1.6209,0.4422,6.8311,60389.4937,993.769,1963.8913,62.0522,0.0001320147487323381,0.12787061986564133,0.010194264287492753
992_980,NeuralTextures,fake,383.0,76.0,76.0,1.0,74.1554,5.4899,62.9913,84.5159,6.4418,1.8553,3.2134,9.7466,0.346,0.0326,0.2844,0.4385,4.6254,4.2338,0.4179,17.5054,47587.588,3773.6268,1752.3111,116.4558,0.00011140919966302761,0.18204464080907573,0.003141762798653853
994_986,NeuralTextures,fake,316.0,63.0,63.0,1.0,93.1111,1.1805,91.2238,96.6318,1.291,0.4792,0.3375,2.7441,0.4119,0.0453,0.2433,0.4863,5.4592,3.408,1.145,14.9137,63290.2705,608.0733,1755.7869,33.8798,0.0001069007495333786,0.11001285142763531,0.004976767847879055
999_960,NeuralTextures,fake,335.0,67.0,66.0,0.9851,78.0907,0.6997,76.3131,80.5156,0.5448,0.4131,0.0779,2.0009,0.331,0.077,0.194,0.4634,3.5787,2.6493,0.798,13.8369,47171.1174,647.4822,603.8114,34.9264,0.0003349981178097871,0.4141608873642003,0.004429002796839086
